First Object;Second Object;similaridade
ACM.[673321];DBLP2.[conf/vldb/PoosalaI96];0.7288369238376617
ACM.[673484];DBLP2.[conf/vldb/GardarinGT96];0.7288369238376617
ACM.[673135];DBLP2.[conf/vldb/HoelS95];0.7288369238376617
ACM.[672977];DBLP2.[conf/vldb/KemperK94];0.7288369238376617
ACM.[671342];DBLP2.[journals/vldb/SheikholeslamiCZ00];0.6579709947109222
ACM.[767145];DBLP2.[journals/vldb/ChangG01];0.8356010317802429
ACM.[673491];DBLP2.[conf/vldb/ShaferAM96];0.7288369238376617
ACM.[672029];DBLP2.[conf/vldb/CuiW01];0.7288369238376617
ACM.[671873];DBLP2.[conf/vldb/Bar-YossefBCFW00];0.7288369238376617
ACM.[673475];DBLP2.[conf/vldb/BertinoBFS96];0.7288369238376617
ACM.[671496];DBLP2.[conf/vldb/ChenCFGJMTW99];0.7288369238376617
ACM.[672999];DBLP2.[conf/vldb/Bernstein94];0.7288369238376617
ACM.[672041];DBLP2.[conf/vldb/LuoN01];0.7288369238376617
ACM.[945737];DBLP2.[journals/sigmod/PitouraAPSV03];0.8613249361515045
ACM.[672998];DBLP2.[conf/vldb/ZemankovaI94];0.7288369238376617
ACM.[671016];DBLP2.[conf/vldb/BerckenSW97];0.7288369238376617
ACM.[673477];DBLP2.[conf/vldb/LabioG96];0.7288369238376617
ACM.[673498];DBLP2.[conf/vldb/CochranePM96];0.7288369238376617
ACM.[767093];DBLP2.[journals/vldb/SaltenisJ02];0.8356010317802429
ACM.[672984];DBLP2.[conf/vldb/OzdenBRS94];0.7288369238376617
ACM.[671661];DBLP2.[conf/vldb/NinkHR99];0.7288369238376617
ACM.[564737];DBLP2.[conf/sigmod/WangWYY02];0.806350827217102
ACM.[673492];DBLP2.[conf/vldb/Sheth96];0.7288369238376617
ACM.[959073];DBLP2.[journals/sigmod/GerlaX03];0.8613249361515045
ACM.[672997];DBLP2.[conf/vldb/PirotteZMY94];0.7288369238376617
ACM.[375720];DBLP2.[conf/sigmod/TatarinovIHW01];0.806350827217102
ACM.[672374];DBLP2.[conf/vldb/AnSVKIG01];0.7288369238376617
ACM.[671528];DBLP2.[conf/vldb/Graefe99];0.7288369238376617
ACM.[564754];DBLP2.[conf/sigmod/Weininger02];0.806350827217102
ACM.[758380];DBLP2.[conf/vldb/ChristopheBPV00];0.7288369238376617
ACM.[671501];DBLP2.[conf/vldb/JagadishKNS99];0.7288369238376617
ACM.[673169];DBLP2.[conf/vldb/GardarinGT95];0.7288369238376617
ACM.[671164];DBLP2.[conf/vldb/Garcia-MolinaLY98];0.7288369238376617
ACM.[673666];DBLP2.[conf/vldb/EicklerKK97];0.7288369238376617
ACM.[564767];DBLP2.[conf/sigmod/ZhangMCMR02];0.806350827217102
ACM.[672965];DBLP2.[journals/vldb/PoulovassilisS96];0.6551911532878876
ACM.[673149];DBLP2.[conf/vldb/MoserKK95];0.7288369238376617
ACM.[671500];DBLP2.[conf/vldb/Sarawagi99];0.7288369238376617
ACM.[673158];DBLP2.[conf/vldb/WuYCT95];0.7288369238376617
ACM.[671692];DBLP2.[conf/vldb/PottingerL00];0.7288369238376617
ACM.[672211];DBLP2.[conf/vldb/DayalHL01];0.7288369238376617
ACM.[671871];DBLP2.[conf/vldb/Bowker00];0.7288369238376617
ACM.[672965];DBLP2.[conf/vldb/PoulovassilisS94];0.7288369238376617
ACM.[756643];DBLP2.[conf/vldb/DeutschPT99];0.7288369238376617
ACM.[672359];DBLP2.[conf/vldb/Sondag01];0.7288369238376617
ACM.[671018];DBLP2.[conf/vldb/ShaferA97];0.7288369238376617
ACM.[958947];DBLP2.[journals/tods/DiaoAFZF03];0.8301584422588348
ACM.[671351];DBLP2.[conf/vldb/Johnson99];0.7288369238376617
ACM.[671365];DBLP2.[conf/vldb/ChanI99];0.7288369238376617
ACM.[937599];DBLP2.[journals/tods/WijesekeraJPH03];0.8301584422588348
ACM.[503101];DBLP2.[journals/tods/MamoulisP01];0.8301584422588348
ACM.[758375];DBLP2.[conf/vldb/Norvag99];0.7288369238376617
ACM.[673166];DBLP2.[conf/vldb/BelussiF95];0.7288369238376617
ACM.[758368];DBLP2.[conf/vldb/GarofalakisOS97];0.7288369238376617
ACM.[673463];DBLP2.[conf/vldb/Raghavan96];0.7288369238376617
ACM.[564707];DBLP2.[conf/sigmod/KaushikBNK02];0.806350827217102
ACM.[672839];DBLP2.[conf/vldb/LevyMS94];0.7288369238376617
ACM.[564730];DBLP2.[conf/sigmod/TaoP02];0.806350827217102
ACM.[363954];DBLP2.[journals/tods/BaralisW00];0.8301584422588348
ACM.[673297];DBLP2.[conf/vldb/CatozziR95];0.7288369238376617
ACM.[564745];DBLP2.[conf/sigmod/SismanisDRK02];0.806350827217102
ACM.[672834];DBLP2.[conf/vldb/ChaudhuriS94];0.7288369238376617
ACM.[673131];DBLP2.[conf/vldb/BestavrosB95];0.7288369238376617
ACM.[673502];DBLP2.[conf/vldb/BerchtoldKK96];0.6569174230098724
ACM.[564750];DBLP2.[conf/sigmod/DogacTPPLKTK02];0.806350827217102
ACM.[673296];DBLP2.[conf/vldb/HaberIL95];0.7288369238376617
ACM.[507236];DBLP2.[journals/tods/SchuldtABS02];0.8301584422588348
ACM.[671176];DBLP2.[conf/vldb/Mihalisin98];0.7288369238376617
ACM.[673493];DBLP2.[conf/vldb/KornSFSP96];0.7288369238376617
ACM.[671030];DBLP2.[conf/vldb/CarinoJ98];0.7288369238376617
ACM.[764203];DBLP2.[journals/vldb/Amer-YahiaCLS02];0.8356010317802429
ACM.[582412];DBLP2.[journals/tods/CiacciaP02];0.8301584422588348
ACM.[671850];DBLP2.[conf/vldb/PappasC00];0.7288369238376617
ACM.[564775];DBLP2.[conf/sigmod/FungSG02];0.806350827217102
ACM.[582413];DBLP2.[journals/tods/FernandezKSMT02];0.8301584422588348
ACM.[673636];DBLP2.[conf/vldb/DiwanRSS96];0.7288369238376617
ACM.[671203];DBLP2.[conf/vldb/Sterling98];0.7288369238376617
ACM.[767133];DBLP2.[journals/vldb/AtluriJY03];0.8356010317802429
ACM.[765219];DBLP2.[journals/vldb/AtluriJY03];0.8356010317802429
ACM.[765234];DBLP2.[journals/vldb/AtluriJY03];0.8356010317802429
ACM.[767142];DBLP2.[journals/vldb/AtluriJY03];0.8356010317802429
ACM.[953239];DBLP2.[journals/vldb/AtluriJY03];0.8356010317802429
ACM.[950482];DBLP2.[journals/vldb/AtluriJY03];0.8356010317802429
ACM.[373708];DBLP2.[journals/sigmod/MotroA03];0.7865515947341919
ACM.[959085];DBLP2.[journals/sigmod/MotroA03];0.8613249361515045
ACM.[672195];DBLP2.[conf/vldb/PereiraFJLS01];0.7288369238376617
ACM.[671839];DBLP2.[conf/vldb/AdiBEY00];0.7288369238376617
ACM.[671174];DBLP2.[conf/vldb/Pogue98];0.7288369238376617
ACM.[673650];DBLP2.[conf/vldb/AlsabtiRS97];0.7288369238376617
ACM.[767150];DBLP2.[journals/vldb/TurkerG01];0.7824015021324158
ACM.[564792];DBLP2.[conf/sigmod/Cotton02];0.806350827217102
ACM.[671328];DBLP2.[conf/vldb/ChakrabartiSD98];0.7288369238376617
ACM.[564734];DBLP2.[conf/sigmod/GaoW02];0.806350827217102
ACM.[672026];DBLP2.[conf/vldb/WaasCB01];0.7288369238376617
ACM.[672836];DBLP2.[conf/vldb/AgrawalS94];0.7288369238376617
ACM.[671505];DBLP2.[conf/vldb/KeimH99];0.7288369238376617
ACM.[564743];DBLP2.[conf/sigmod/Aggarwal02];0.806350827217102
ACM.[671506];DBLP2.[conf/vldb/KemperKW99];0.7288369238376617
ACM.[564759];DBLP2.[conf/sigmod/PossSKL02];0.806350827217102
ACM.[671028];DBLP2.[conf/vldb/VenkataramanZ98];0.7288369238376617
ACM.[673311];DBLP2.[conf/vldb/FlodinR95];0.7288369238376617
ACM.[671201];DBLP2.[conf/vldb/EsterKSWX98];0.7288369238376617
ACM.[872795];DBLP2.[conf/sigmod/FaginKS03];0.806350827217102
ACM.[953243];DBLP2.[journals/vldb/MedjahedBE03];0.8356010317802429
ACM.[671663];DBLP2.[conf/vldb/RamanRH99];0.7288369238376617
ACM.[765240];DBLP2.[journals/vldb/TanGO00];0.8356010317802429
ACM.[673502];DBLP2.[journals/vldb/LinJF94];0.6636387407779694
ACM.[672983];DBLP2.[conf/vldb/SripadaW94];0.7288369238376617
ACM.[672022];DBLP2.[conf/vldb/ChangG00];0.7288369238376617
ACM.[671691];DBLP2.[conf/vldb/Blecken00];0.7288369238376617
ACM.[377677];DBLP2.[journals/tods/KossmannFDA00];0.8301584422588348
ACM.[672202];DBLP2.[conf/vldb/CooperSFHS01];0.7288369238376617
ACM.[564739];DBLP2.[conf/sigmod/ProcopiucJAM02];0.806350827217102
ACM.[776992];DBLP2.[journals/sigmod/CaleroPR03];0.8613249361515045
ACM.[564801];DBLP2.[conf/sigmod/Bussler02];0.806350827217102
ACM.[671860];DBLP2.[conf/vldb/PardonA00];0.7288369238376617
ACM.[671007];DBLP2.[conf/vldb/ChristodoulakisTZ97];0.7288369238376617
ACM.[383894];DBLP2.[journals/tods/JajodiaSSS01];0.8301584422588348
ACM.[671513];DBLP2.[conf/vldb/BaumannDFRW99];0.7288369238376617
ACM.[604262];DBLP2.[journals/sigmod/RossCGLLM01];0.8613249361515045
ACM.[602302];DBLP2.[journals/sigmod/RossCGLLM01];0.8613249361515045
ACM.[671338];DBLP2.[conf/vldb/FangSGMU98];0.7288369238376617
ACM.[673310];DBLP2.[conf/vldb/Vaskevitch95];0.7288369238376617
ACM.[671862];DBLP2.[conf/vldb/CareyKSSS00];0.7288369238376617
ACM.[672042];DBLP2.[conf/vldb/GalhardasFSSS01];0.7288369238376617
ACM.[673645];DBLP2.[journals/vldb/RoySSSA98];0.6678835451602936
ACM.[671517];DBLP2.[conf/vldb/JermaineDO99];0.7288369238376617
ACM.[673143];DBLP2.[conf/vldb/HasanM95];0.7288369238376617
ACM.[671010];DBLP2.[conf/vldb/SeshadriLR97];0.7288369238376617
ACM.[673635];DBLP2.[conf/vldb/VermeerA96];0.7288369238376617
ACM.[671005];DBLP2.[conf/vldb/CiacciaPZ97];0.7288369238376617
ACM.[672348];DBLP2.[conf/vldb/BratsbergH01];0.7288369238376617
ACM.[672031];DBLP2.[conf/vldb/Draluk01];0.7288369238376617
ACM.[564749];DBLP2.[conf/sigmod/BhattacharyaMBNHS02];0.806350827217102
ACM.[671853];DBLP2.[conf/vldb/HvasshovdBT00];0.7288369238376617
ACM.[953240];DBLP2.[journals/vldb/MaedcheMS03];0.8356010317802429
ACM.[641270];DBLP2.[journals/vldb/AnGSVKI02];0.8356010317802429
ACM.[671006];DBLP2.[conf/vldb/ZhangL97];0.7288369238376617
ACM.[672970];DBLP2.[conf/vldb/IyerW94];0.7288369238376617
ACM.[672369];DBLP2.[conf/vldb/Shmueli01];0.7288369238376617
ACM.[671166];DBLP2.[conf/vldb/CareyK98];0.7288369238376617
ACM.[776989];DBLP2.[journals/sigmod/MukhopadhyayGS03];0.8613249361515045
ACM.[673634];DBLP2.[conf/vldb/SeshadriLR96];0.7288369238376617
ACM.[604262];DBLP2.[journals/sigmod/RossHKRRSS01];0.8613249361515045
ACM.[602302];DBLP2.[journals/sigmod/RossHKRRSS01];0.8613249361515045
ACM.[671175];DBLP2.[conf/vldb/BaulierBGJGKKMMNNRSS98];0.7288369238376617
ACM.[765238];DBLP2.[journals/vldb/ManegoldBK00];0.8356010317802429
ACM.[672987];DBLP2.[conf/vldb/MohaniaS94];0.7288369238376617
ACM.[672030];DBLP2.[conf/vldb/HuntAI01];0.7288369238376617
ACM.[564709];DBLP2.[conf/sigmod/ZhouR02];0.806350827217102
ACM.[333616];DBLP2.[journals/sigmod/GruenwaldBDGSSV99];0.7898963987827301
ACM.[673138];DBLP2.[conf/vldb/SubietaKL95];0.7288369238376617
ACM.[950490];DBLP2.[journals/vldb/FungKL03];0.8356010317802429
ACM.[758370];DBLP2.[conf/vldb/ArunJ98];0.7288369238376617
ACM.[604262];DBLP2.[journals/sigmod/RossFS02];0.8613249361515045
ACM.[602302];DBLP2.[journals/sigmod/RossFS02];0.8613249361515045
ACM.[673148];DBLP2.[conf/vldb/KonopnickiS95];0.7288369238376617
ACM.[673330];DBLP2.[conf/vldb/BouganimFV96];0.7288369238376617
ACM.[673163];DBLP2.[conf/vldb/BouganimFV96];0.6663369536399841
ACM.[672196];DBLP2.[conf/vldb/Novaretti01];0.7288369238376617
ACM.[671869];DBLP2.[conf/vldb/HelalL00];0.7288369238376617
ACM.[671324];DBLP2.[conf/vldb/Amer-YahiaCD98];0.7288369238376617
ACM.[672023];DBLP2.[conf/vldb/ZengBNN01];0.7288369238376617
ACM.[767154];DBLP2.[journals/vldb/RahmB01];0.8356010317802429
ACM.[758372];DBLP2.[conf/vldb/Objectivity98];0.7288369238376617
ACM.[776997];DBLP2.[journals/sigmod/Stirling03];0.8613249361515045
ACM.[564768];DBLP2.[conf/sigmod/TheobaldW02];0.806350827217102
ACM.[671354];DBLP2.[conf/vldb/LeeL99];0.7288369238376617
ACM.[671022];DBLP2.[conf/vldb/ChangG97];0.7288369238376617
ACM.[673295];DBLP2.[conf/vldb/HaasNSS95];0.7288369238376617
ACM.[671837];DBLP2.[conf/vldb/CowleyP00];0.7288369238376617
ACM.[671023];DBLP2.[conf/vldb/BamfordBKM98];0.7288369238376617
ACM.[673631];DBLP2.[conf/vldb/Mohan96];0.7288369238376617
ACM.[959080];DBLP2.[journals/sigmod/GalianoM03];0.8404915928840637
ACM.[767097];DBLP2.[journals/vldb/FerrariAABC02];0.8356010317802429
ACM.[672821];DBLP2.[conf/vldb/DavisonG94];0.7288369238376617
ACM.[671867];DBLP2.[conf/vldb/BernsteinHJRW00];0.7288369238376617
ACM.[673316];DBLP2.[conf/vldb/EvangelidisLS95];0.7288369238376617
ACM.[564738];DBLP2.[conf/sigmod/YangWYH02];0.806350827217102
ACM.[671666];DBLP2.[conf/vldb/JagadishLS99];0.7288369238376617
ACM.[671017];DBLP2.[conf/vldb/BohannonLRSSS97];0.7288369238376617
ACM.[211999];DBLP2.[journals/sigmod/MaelbranckeO95];0.7898963987827301
ACM.[671868];DBLP2.[conf/vldb/LingLL00];0.7288369238376617
ACM.[670996];DBLP2.[conf/vldb/HuangJR97];0.7288369238376617
ACM.[775455];DBLP2.[journals/vldb/VerykiosME03];0.8356010317802429
ACM.[673147];DBLP2.[conf/vldb/GoyalHSS95];0.7288369238376617
ACM.[377665];DBLP2.[journals/tods/BohlenJS00];0.8301584422588348
ACM.[671187];DBLP2.[conf/vldb/SchieferKBLF98];0.7288369238376617
ACM.[357776];DBLP2.[journals/tods/Bohm00];0.8301584422588348
ACM.[767095];DBLP2.[journals/vldb/Navarro02];0.8356010317802429
ACM.[671167];DBLP2.[conf/vldb/BaulierBKS98];0.7288369238376617
ACM.[765530];DBLP2.[journals/vldb/Halevy02];0.8356010317802429
ACM.[764200];DBLP2.[journals/vldb/Halevy02];0.8356010317802429
ACM.[604262];DBLP2.[journals/sigmod/SnodgrassGIMSU98];0.8613249361515045
ACM.[602302];DBLP2.[journals/sigmod/SnodgrassGIMSU98];0.8613249361515045
ACM.[672990];DBLP2.[journals/vldb/TsatalosSI96];0.726138710975647
ACM.[767153];DBLP2.[journals/vldb/GrefenVA01];0.8356010317802429
ACM.[671178];DBLP2.[conf/vldb/Orenstein98];0.7288369238376617
ACM.[671493];DBLP2.[conf/vldb/FlorescuLSY99];0.7288369238376617
ACM.[872821];DBLP2.[conf/sigmod/AbiteboulBCMM03];0.806350827217102
ACM.[604262];DBLP2.[journals/sigmod/SnodgrassACFLLORRSV99];0.8613249361515045
ACM.[602302];DBLP2.[journals/sigmod/SnodgrassACFLLORRSV99];0.8613249361515045
ACM.[775453];DBLP2.[journals/vldb/Ozsu03];0.8356010317802429
ACM.[673333];DBLP2.[conf/vldb/RamakrishnanR96];0.7288369238376617
ACM.[672353];DBLP2.[conf/vldb/TsurAADKW01];0.7288369238376617
ACM.[671686];DBLP2.[conf/vldb/LuL00];0.7288369238376617
ACM.[671870];DBLP2.[conf/vldb/CarusoCGLM00];0.7288369238376617
ACM.[671003];DBLP2.[conf/vldb/ChatziantoniouR97];0.7288369238376617
ACM.[764202];DBLP2.[journals/vldb/FiebigHKMNSW02];0.8356010317802429
ACM.[767137];DBLP2.[journals/vldb/BraumandlKKKKSS01];0.8356010317802429
ACM.[671169];DBLP2.[conf/vldb/Shaw98];0.7288369238376617
ACM.[673654];DBLP2.[conf/vldb/FlorescuKLP97];0.7288369238376617
ACM.[564747];DBLP2.[conf/sigmod/ChaudhuriGN02];0.806350827217102
ACM.[671674];DBLP2.[conf/vldb/X00];0.7288369238376617
ACM.[582411];DBLP2.[journals/tods/MayL02];0.8301584422588348
ACM.[673326];DBLP2.[conf/vldb/Dyreson96];0.7288369238376617
ACM.[671332];DBLP2.[conf/vldb/ZhangL98];0.7288369238376617
ACM.[672364];DBLP2.[conf/vldb/DattaDTVRF01];0.7288369238376617
ACM.[673500];DBLP2.[conf/vldb/MeoPC96];0.7288369238376617
ACM.[564796];DBLP2.[conf/sigmod/Mohan02];0.806350827217102
ACM.[673649];DBLP2.[conf/vldb/ClaussenKMP97];0.7288369238376617
ACM.[959070];DBLP2.[journals/sigmod/DemersGRTY03];0.8613249361515045
ACM.[671864];DBLP2.[conf/vldb/LudasaherGM00];0.7288369238376617
ACM.[945730];DBLP2.[journals/sigmod/Hellerstein03];0.8613249361515045
ACM.[564776];DBLP2.[conf/sigmod/MaddenH02];0.806350827217102
ACM.[672191];DBLP2.[conf/vldb/MadhavanBR01];0.7288369238376617
ACM.[377676];DBLP2.[journals/tods/FegarasM00];0.8301584422588348
ACM.[673661];DBLP2.[conf/vldb/PellenkoftLK97];0.7288369238376617
ACM.[673160];DBLP2.[conf/vldb/BunemanDHOW95];0.7288369238376617
ACM.[671516];DBLP2.[conf/vldb/GionisIM99];0.7288369238376617
ACM.[671877];DBLP2.[conf/vldb/OlstonW00];0.7288369238376617
ACM.[672213];DBLP2.[conf/vldb/NarayananS01];0.7288369238376617
ACM.[604262];DBLP2.[journals/sigmod/RossAJS02];0.8613249361515045
ACM.[602302];DBLP2.[journals/sigmod/RossAJS02];0.8613249361515045
ACM.[564702];DBLP2.[conf/sigmod/ZadorozhnyRVUB02];0.806350827217102
ACM.[937601];DBLP2.[journals/tods/Jimenez-PerisPAK03];0.8301584422588348
ACM.[383736];DBLP2.[journals/tods/DekhtyarRS01];0.8301584422588348
ACM.[757417];DBLP2.[conf/vldb/Leymann01];0.7288369238376617
ACM.[671162];DBLP2.[conf/vldb/Mina98];0.7288369238376617
ACM.[673478];DBLP2.[conf/vldb/MiningGroup96];0.7288369238376617
ACM.[671171];DBLP2.[conf/vldb/BonczRK98];0.7288369238376617
ACM.[672975];DBLP2.[conf/vldb/Galindo-LegariaPK94];0.7288369238376617
ACM.[777945];DBLP2.[journals/tods/GunopulosKMSTS03];0.8301584422588348
ACM.[671847];DBLP2.[conf/vldb/WuFSP00];0.7288369238376617
ACM.[673139];DBLP2.[conf/vldb/LuTD95];0.7288369238376617
ACM.[672825];DBLP2.[conf/vldb/Chiueh94];0.7288369238376617
ACM.[672040];DBLP2.[conf/vldb/LiCHPALHAY01];0.7288369238376617
ACM.[672363];DBLP2.[conf/vldb/PapadiasT01];0.7288369238376617
ACM.[672193];DBLP2.[conf/vldb/YangG01];0.7288369238376617
ACM.[276377];DBLP2.[conf/sigmod/OlstonWACELSS98];0.806350827217102
ACM.[503100];DBLP2.[journals/tods/KotidisR01];0.8301584422588348
ACM.[953241];DBLP2.[journals/vldb/DoanMDDH03];0.8356010317802429
ACM.[671181];DBLP2.[conf/vldb/Schoning98];0.7288369238376617
ACM.[564777];DBLP2.[conf/sigmod/CranorGJSS02];0.806350827217102
ACM.[671029];DBLP2.[conf/vldb/OoiGT98];0.7288369238376617
ACM.[767131];DBLP2.[journals/vldb/FengYLH02];0.8356010317802429
ACM.[564698];DBLP2.[conf/sigmod/MaddenSHR02];0.806350827217102
ACM.[344843];DBLP2.[journals/sigmod/KempsterST99];0.8613249361515045
ACM.[245900];DBLP2.[journals/sigmod/HasanMV96];0.7988249659538269
ACM.[671182];DBLP2.[conf/vldb/ZouS98];0.7288369238376617
ACM.[673632];DBLP2.[conf/vldb/SarawagiS96];0.7288369238376617
ACM.[673499];DBLP2.[conf/vldb/Rengarajan96];0.7288369238376617
ACM.[564706];DBLP2.[conf/sigmod/ChungMS02];0.806350827217102
ACM.[672823];DBLP2.[conf/vldb/HoelS94];0.7288369238376617
ACM.[604262];DBLP2.[journals/sigmod/RossGR03];0.8613249361515045
ACM.[602302];DBLP2.[journals/sigmod/RossGR03];0.8613249361515045
ACM.[945741];DBLP2.[journals/sigmod/Anisimov03];0.8413249254226685
ACM.[672966];DBLP2.[conf/vldb/AnandBH94];0.7288369238376617
ACM.[673323];DBLP2.[conf/vldb/AcharyaFZ96];0.7288369238376617
ACM.[950487];DBLP2.[journals/vldb/AgrawalHK03];0.8356010317802429
ACM.[959087];DBLP2.[journals/sigmod/Hainaut03];0.8613249361515045
ACM.[767135];DBLP2.[journals/vldb/EyalM01];0.8356010317802429
ACM.[767133];DBLP2.[journals/vldb/BernsteinIR03];0.8356010317802429
ACM.[765219];DBLP2.[journals/vldb/BernsteinIR03];0.8356010317802429
ACM.[765234];DBLP2.[journals/vldb/BernsteinIR03];0.8356010317802429
ACM.[767142];DBLP2.[journals/vldb/BernsteinIR03];0.8356010317802429
ACM.[953239];DBLP2.[journals/vldb/BernsteinIR03];0.8356010317802429
ACM.[950482];DBLP2.[journals/vldb/BernsteinIR03];0.8356010317802429
ACM.[673159];DBLP2.[conf/vldb/Sarawagi95];0.7288369238376617
ACM.[671865];DBLP2.[conf/vldb/BasuFP00];0.7288369238376617
ACM.[777944];DBLP2.[journals/tods/TaoP03];0.8301584422588348
ACM.[777004];DBLP2.[journals/sigmod/AilamakiG03];0.8613249361515045
ACM.[673660];DBLP2.[conf/vldb/WhiteheadSM97];0.7288369238376617
ACM.[234900];DBLP2.[journals/sigmod/Dogac96];0.8613249361515045
ACM.[564741];DBLP2.[conf/sigmod/ThaperGIK02];0.806350827217102
ACM.[671355];DBLP2.[conf/vldb/LiRS99];0.7288369238376617
ACM.[672356];DBLP2.[conf/vldb/GarofalakisG01];0.7288369238376617
ACM.[767147];DBLP2.[journals/vldb/ChakrabartiGRS01];0.8356010317802429
ACM.[564731];DBLP2.[conf/sigmod/ChangH02];0.806350827217102
ACM.[181569];DBLP2.[journals/sigmod/Winslett94];0.8613249361515045
ACM.[672019];DBLP2.[conf/vldb/PfoserJT00];0.7288369238376617
ACM.[671348];DBLP2.[conf/vldb/Blum99];0.7288369238376617
ACM.[604262];DBLP2.[journals/sigmod/RossAA02];0.8613249361515045
ACM.[602302];DBLP2.[journals/sigmod/RossAA02];0.8613249361515045
ACM.[564697];DBLP2.[conf/sigmod/ViglasN02];0.806350827217102
ACM.[671200];DBLP2.[conf/vldb/LakshmiZ98];0.7288369238376617
ACM.[671195];DBLP2.[conf/vldb/RezendeS98];0.7288369238376617
ACM.[671670];DBLP2.[conf/vldb/DeRose99];0.7288369238376617
ACM.[672032];DBLP2.[conf/vldb/BrownG01];0.7288369238376617
ACM.[672212];DBLP2.[conf/vldb/BonifatiCDS01];0.7288369238376617
ACM.[673007];DBLP2.[conf/vldb/ChenRS95];0.7288369238376617
ACM.[671678];DBLP2.[conf/vldb/DiaoLCT00];0.7288369238376617
ACM.[673657];DBLP2.[conf/vldb/YangKL97];0.7288369238376617
ACM.[764205];DBLP2.[journals/vldb/ChanFGR02];0.8356010317802429
ACM.[671675];DBLP2.[conf/vldb/HinneburgAK00];0.7288369238376617
ACM.[671524];DBLP2.[conf/vldb/CeriFP99];0.7288369238376617
ACM.[673490];DBLP2.[conf/vldb/LakshmananSS96];0.7288369238376617
ACM.[671694];DBLP2.[conf/vldb/CasatiS00];0.7288369238376617
ACM.[671163];DBLP2.[conf/vldb/PapadiasMD98];0.7288369238376617
ACM.[671515];DBLP2.[conf/vldb/JaedickeM99];0.7288369238376617
ACM.[672969];DBLP2.[conf/vldb/BarjaPFWD94];0.7288369238376617
ACM.[671362];DBLP2.[conf/vldb/RaoR99];0.7288369238376617
ACM.[672215];DBLP2.[conf/vldb/AmirKN01];0.7288369238376617
ACM.[564765];DBLP2.[conf/sigmod/AltinelLKMPLWB02];0.806350827217102
ACM.[352982];DBLP2.[journals/tods/KossmannS00];0.8301584422588348
ACM.[673305];DBLP2.[conf/vldb/KornackerB95];0.7288369238376617
ACM.[671020];DBLP2.[conf/vldb/AlonsoHST97];0.7288369238376617
ACM.[758365];DBLP2.[conf/vldb/Korth95];0.7288369238376617
ACM.[672217];DBLP2.[conf/vldb/TanEO01];0.7288369238376617
ACM.[672175];DBLP2.[conf/vldb/AgrawalSX01];0.7288369238376617
ACM.[872807];DBLP2.[conf/sigmod/Bierman03];0.806350827217102
ACM.[673640];DBLP2.[conf/vldb/SkubiszewskiV97];0.7288369238376617
ACM.[671325];DBLP2.[conf/vldb/DarEGP98];0.7288369238376617
ACM.[673308];DBLP2.[conf/vldb/CabreraRH95];0.7288369238376617
ACM.[673332];DBLP2.[conf/vldb/Levy96];0.7288369238376617
ACM.[673479];DBLP2.[conf/vldb/StaudtJ96];0.7288369238376617
ACM.[181566];DBLP2.[journals/sigmod/MedeirosP94];0.8613249361515045
ACM.[673668];DBLP2.[conf/vldb/LiCHH97];0.7288369238376617
ACM.[601881];DBLP2.[journals/sigmod/WinslettCDHZZ02];0.8057693839073181
ACM.[507366];DBLP2.[journals/sigmod/GobleR02];0.8613249361515045
ACM.[671189];DBLP2.[conf/vldb/ShuklaDN98];0.7288369238376617
ACM.[765505];DBLP2.[journals/vldb/CombiP01];0.7985045909881592
ACM.[671337];DBLP2.[conf/vldb/NipplM98];0.7288369238376617
ACM.[672043];DBLP2.[conf/vldb/SadriZZA01];0.7288369238376617
ACM.[671004];DBLP2.[conf/vldb/GarofalakisI97];0.7288369238376617
ACM.[671190];DBLP2.[conf/vldb/GeorgeH98];0.7288369238376617
ACM.[671676];DBLP2.[conf/vldb/SakuraiYUK00];0.7288369238376617
ACM.[671339];DBLP2.[conf/vldb/BliujuteJSS98];0.7288369238376617
ACM.[564711];DBLP2.[conf/sigmod/LiGS02];0.806350827217102
ACM.[767130];DBLP2.[journals/vldb/NanopoulosM02];0.8356010317802429
ACM.[564769];DBLP2.[conf/sigmod/BarbosaMKL02];0.806350827217102
ACM.[671665];DBLP2.[conf/vldb/ZurekS99];0.6732813715934753
ACM.[671672];DBLP2.[conf/vldb/DyresonBJ99];0.7288369238376617
ACM.[672182];DBLP2.[conf/vldb/BunkerCCMMW01];0.7288369238376617
ACM.[673468];DBLP2.[conf/vldb/ShethKMWDLPLS96];0.7288369238376617
ACM.[564770];DBLP2.[conf/sigmod/AbadiC02];0.806350827217102
ACM.[672968];DBLP2.[conf/vldb/CochinwalaB94];0.7288369238376617
ACM.[673300];DBLP2.[conf/vldb/SavasereON95];0.7288369238376617
ACM.[564746];DBLP2.[conf/sigmod/GarofalakisG02];0.806350827217102
ACM.[757416];DBLP2.[conf/vldb/PatonG01];0.7288369238376617
ACM.[671841];DBLP2.[conf/vldb/AltinelF00];0.7288369238376617
ACM.[672210];DBLP2.[conf/vldb/CatozziR01];0.7288369238376617
ACM.[671857];DBLP2.[conf/vldb/LaneEN00];0.7288369238376617
ACM.[671693];DBLP2.[conf/vldb/PantiSG00];0.7288369238376617
ACM.[673485];DBLP2.[conf/vldb/GardarinST96];0.7288369238376617
ACM.[671523];DBLP2.[conf/vldb/ChakrabartiBD99];0.7288369238376617
ACM.[673494];DBLP2.[conf/vldb/ShuklaDNR96];0.7288369238376617
ACM.[564699];DBLP2.[conf/sigmod/DobraGGR02];0.806350827217102
ACM.[604262];DBLP2.[journals/sigmod/Snodgrass99b];0.8613249361515045
ACM.[602302];DBLP2.[journals/sigmod/Snodgrass99b];0.8613249361515045
ACM.[673301];DBLP2.[conf/vldb/Meier95];0.7288369238376617
ACM.[671184];DBLP2.[conf/vldb/JoshiBLL98];0.7288369238376617
ACM.[672205];DBLP2.[conf/vldb/MignetMAC01];0.7288369238376617
ACM.[671514];DBLP2.[conf/vldb/GarofalakisRS99];0.7288369238376617
ACM.[672974];DBLP2.[conf/vldb/DeWittKLPY94];0.7288369238376617
ACM.[671336];DBLP2.[conf/vldb/Vieille98];0.7288369238376617
ACM.[604262];DBLP2.[journals/sigmod/Snodgrass98a];0.8613249361515045
ACM.[602302];DBLP2.[journals/sigmod/Snodgrass98a];0.8613249361515045
ACM.[564726];DBLP2.[conf/sigmod/Ramanan02];0.806350827217102
ACM.[671685];DBLP2.[conf/vldb/Schnase00];0.7288369238376617
ACM.[945728];DBLP2.[journals/sigmod/BawaCCDGGKMSSVY03];0.8613249361515045
ACM.[672376];DBLP2.[conf/vldb/TanSHCR01];0.7288369238376617
ACM.[672190];DBLP2.[conf/vldb/CasatiDGS01];0.7288369238376617
ACM.[671838];DBLP2.[conf/vldb/Team00];0.7288369238376617
ACM.[767096];DBLP2.[journals/vldb/MihailaRT02];0.8356010317802429
ACM.[767133];DBLP2.[journals/vldb/AbbadiSW01];0.8356010317802429
ACM.[765219];DBLP2.[journals/vldb/AbbadiSW01];0.8356010317802429
ACM.[765234];DBLP2.[journals/vldb/AbbadiSW01];0.8356010317802429
ACM.[767142];DBLP2.[journals/vldb/AbbadiSW01];0.8356010317802429
ACM.[953239];DBLP2.[journals/vldb/AbbadiSW01];0.8356010317802429
ACM.[950482];DBLP2.[journals/vldb/AbbadiSW01];0.8356010317802429
ACM.[604262];DBLP2.[journals/sigmod/RossAKSSY00];0.8613249361515045
ACM.[602302];DBLP2.[journals/sigmod/RossAKSSY00];0.8613249361515045
ACM.[673462];DBLP2.[conf/vldb/DarFJST96];0.7288369238376617
ACM.[671177];DBLP2.[conf/vldb/CherniackZ98];0.7288369238376617
ACM.[670998];DBLP2.[conf/vldb/WildfogelY97];0.7288369238376617
ACM.[672830];DBLP2.[conf/vldb/Lesk94];0.7288369238376617
ACM.[604262];DBLP2.[journals/sigmod/RossHLW01];0.8613249361515045
ACM.[602302];DBLP2.[journals/sigmod/RossHLW01];0.8613249361515045
ACM.[304211];DBLP2.[journals/vldb/MaratheS02];0.7763932049274445
ACM.[767098];DBLP2.[journals/vldb/MaratheS02];0.8356010317802429
ACM.[671697];DBLP2.[conf/vldb/WangHH00];0.7288369238376617
ACM.[671019];DBLP2.[conf/vldb/BaralisPT97];0.7288369238376617
ACM.[671330];DBLP2.[conf/vldb/GehrkeRG98];0.7288369238376617
ACM.[671510];DBLP2.[conf/vldb/DonjerkovicR99];0.7288369238376617
ACM.[673132];DBLP2.[conf/vldb/BrownS95];0.7288369238376617
ACM.[950486];DBLP2.[journals/vldb/ChandrasekaranF03];0.8356010317802429
ACM.[672201];DBLP2.[conf/vldb/BouguettayaEMO01];0.7288369238376617
ACM.[758364];DBLP2.[conf/vldb/LuSL95];0.7288369238376617
ACM.[671361];DBLP2.[conf/vldb/DarmontS99];0.7288369238376617
ACM.[564758];DBLP2.[conf/sigmod/SzalayGTKMRSv02];0.806350827217102
ACM.[671680];DBLP2.[conf/vldb/Schek00];0.6903753876686096
ACM.[671861];DBLP2.[conf/vldb/Schek00];0.7288369238376617
ACM.[671356];DBLP2.[conf/vldb/NaumannLF99];0.7288369238376617
ACM.[672038];DBLP2.[conf/vldb/Sol01];0.7288369238376617
ACM.[672186];DBLP2.[conf/vldb/AmbiteKKMST01];0.7288369238376617
ACM.[276367];DBLP2.[conf/sigmod/Aulakh98];0.806350827217102
ACM.[672185];DBLP2.[conf/vldb/OConnellWG01];0.7288369238376617
ACM.[671360];DBLP2.[conf/vldb/WangZL99];0.7288369238376617
ACM.[671027];DBLP2.[conf/vldb/SilversteinBMU98];0.7288369238376617
ACM.[671025];DBLP2.[conf/vldb/KornLKF98];0.7288369238376617
ACM.[641271];DBLP2.[journals/vldb/AilamakiDH02];0.8356010317802429
ACM.[671875];DBLP2.[conf/vldb/GuntzerBK00];0.7288369238376617
ACM.[564694];DBLP2.[conf/sigmod/RiedewaldAA02];0.806350827217102
ACM.[673140];DBLP2.[conf/vldb/Fecteau95];0.7288369238376617
ACM.[673309];DBLP2.[conf/vldb/TreschPL95];0.7288369238376617
ACM.[672203];DBLP2.[conf/vldb/ShanmugasundaramKSFF01];0.7288369238376617
ACM.[671202];DBLP2.[conf/vldb/GibsonKR98];0.7288369238376617
ACM.[671193];DBLP2.[conf/vldb/GarofalakisIO98];0.7288369238376617
ACM.[502033];DBLP2.[journals/tods/Ng01];0.8301584422588348
ACM.[672180];DBLP2.[conf/vldb/CherniackFZ01];0.7288369238376617
ACM.[776987];DBLP2.[journals/sigmod/JukicNV03];0.8613249361515045
ACM.[959083];DBLP2.[journals/sigmod/LenzVJS03];0.8613249361515045
ACM.[564735];DBLP2.[conf/sigmod/MoonWH02];0.806350827217102
ACM.[673653];DBLP2.[conf/vldb/StathatosRB97];0.7288369238376617
ACM.[671015];DBLP2.[conf/vldb/LeeLWS97];0.7288369238376617
ACM.[381897];DBLP2.[journals/sigmod/PhatakSSS96];0.8057693839073181
ACM.[671846];DBLP2.[conf/vldb/ManolescuFKXO00];0.7288369238376617
ACM.[505049];DBLP2.[journals/vldb/ApersCS02];0.7763932049274445
ACM.[505055];DBLP2.[journals/vldb/ApersCS02];0.7763932049274445
ACM.[641269];DBLP2.[journals/vldb/ApersCS02];0.8356010317802429
ACM.[671859];DBLP2.[conf/vldb/Taylor00];0.7288369238376617
ACM.[671698];DBLP2.[conf/vldb/Nori00];0.7288369238376617
ACM.[937600];DBLP2.[journals/tods/JacoxS03];0.8301584422588348
ACM.[564715];DBLP2.[conf/sigmod/TatarinovVBSSZ02];0.806350827217102
ACM.[959084];DBLP2.[journals/sigmod/Giorgini03];0.8613249361515045
ACM.[762474];DBLP2.[journals/tods/MelnikG03];0.8301584422588348
ACM.[564799];DBLP2.[conf/sigmod/ShashaB02];0.806350827217102
ACM.[564798];DBLP2.[conf/sigmod/ShashaB02];0.7507952749729156
ACM.[673005];DBLP2.[conf/vldb/BrownMCL94];0.7288369238376617
ACM.[672964];DBLP2.[conf/vldb/YanA94];0.7288369238376617
ACM.[673655];DBLP2.[conf/vldb/SeidlK97];0.7288369238376617
ACM.[673320];DBLP2.[conf/vldb/Ogawa96];0.6788369417190552
ACM.[959086];DBLP2.[journals/sigmod/KambhampatiK03];0.8613249361515045
ACM.[758381];DBLP2.[conf/vldb/AnciauxBBPV01];0.7288369238376617
ACM.[673476];DBLP2.[conf/vldb/McKennaBHT96];0.7288369238376617
ACM.[671346];DBLP2.[conf/vldb/GoldmanSVG98];0.7288369238376617
ACM.[671032];DBLP2.[conf/vldb/George98];0.7288369238376617
ACM.[671508];DBLP2.[conf/vldb/Hamilton99];0.7288369238376617
ACM.[672021];DBLP2.[conf/vldb/JiangSLB00];0.7288369238376617
ACM.[219769];DBLP2.[journals/sigmod/DrewHKKLLLSW95];0.7947075963020325
ACM.[671364];DBLP2.[conf/vldb/BonczMK99];0.7288369238376617
ACM.[945732];DBLP2.[journals/sigmod/TatarinovIMHSDDKMM03];0.8613249361515045
ACM.[604262];DBLP2.[journals/sigmod/SnodgrassHMOPRRWY98];0.8613249361515045
ACM.[602302];DBLP2.[journals/sigmod/SnodgrassHMOPRRWY98];0.8613249361515045
ACM.[670992];DBLP2.[conf/vldb/RothS97];0.7288369238376617
ACM.[383892];DBLP2.[journals/tods/ChomickiTB01];0.8301584422588348
ACM.[673470];DBLP2.[conf/vldb/Bhashyam96];0.7288369238376617
ACM.[564778];DBLP2.[conf/sigmod/CrescenziMM02];0.806350827217102
ACM.[672358];DBLP2.[conf/vldb/ManolopoulosT01];0.7288369238376617
ACM.[672189];DBLP2.[conf/vldb/BaumgartnerFG01a];0.7288369238376617
ACM.[673627];DBLP2.[conf/vldb/SrivastavaDJL96];0.7288369238376617
ACM.[671507];DBLP2.[conf/vldb/GohOST99];0.7288369238376617
ACM.[671683];DBLP2.[conf/vldb/Banerjee00];0.7288369238376617
ACM.[672828];DBLP2.[conf/vldb/NgY94];0.7288369238376617
ACM.[671499];DBLP2.[conf/vldb/ShanmugasundaramGTZDN99];0.7288369238376617
ACM.[672829];DBLP2.[conf/vldb/SistlaYH94];0.7288369238376617
ACM.[950493];DBLP2.[journals/vldb/HelmerM03];0.8356010317802429
ACM.[672820];DBLP2.[conf/vldb/MuntzR94];0.7288369238376617
ACM.[673643];DBLP2.[conf/vldb/NgC97];0.7288369238376617
ACM.[673664];DBLP2.[conf/vldb/KraissW97];0.7288369238376617
ACM.[673486];DBLP2.[conf/vldb/Sacks-Davis96];0.7288369238376617
ACM.[673335];DBLP2.[conf/vldb/Moni96];0.7288369238376617
ACM.[671492];DBLP2.[conf/vldb/BrodieC99];0.7288369238376617
ACM.[671511];DBLP2.[conf/vldb/LakshmananSS99];0.7288369238376617
ACM.[767139];DBLP2.[journals/vldb/ShegalovGW01];0.8356010317802429
ACM.[673152];DBLP2.[conf/vldb/Wang95];0.7288369238376617
ACM.[672354];DBLP2.[conf/vldb/KoschBBHHLRT01];0.7288369238376617
ACM.[671202];DBLP2.[journals/vldb/GibsonKR00];0.726138710975647
ACM.[671840];DBLP2.[conf/vldb/Tsur00];0.7288369238376617
ACM.[357778];DBLP2.[journals/tods/ParsonsW00];0.8301584422588348
ACM.[672361];DBLP2.[conf/vldb/SundaraHCAS01];0.7288369238376617
ACM.[672368];DBLP2.[conf/vldb/ManolescuFK01];0.7288369238376617
ACM.[672036];DBLP2.[conf/vldb/May01];0.7288369238376617
ACM.[383737];DBLP2.[journals/tods/HsuSY01];0.7886357009410858
ACM.[672367];DBLP2.[conf/vldb/AilamakiDHS01];0.7288369238376617
ACM.[564753];DBLP2.[conf/sigmod/BumbulisB02];0.806350827217102
ACM.[775456];DBLP2.[journals/vldb/CuiW03];0.8356010317802429
ACM.[672818];DBLP2.[conf/vldb/HjelsvoldM94];0.7288369238376617
ACM.[673322];DBLP2.[conf/vldb/Atal96];0.7288369238376617
ACM.[673330];DBLP2.[conf/vldb/RahmM95];0.6663369536399841
ACM.[673163];DBLP2.[conf/vldb/RahmM95];0.7288369238376617
ACM.[581754];DBLP2.[journals/tods/TaoPZ02];0.8301584422588348
ACM.[564703];DBLP2.[conf/sigmod/DattaDTVSR02];0.806350827217102
ACM.[673156];DBLP2.[conf/vldb/Hallmark95];0.7288369238376617
ACM.[945739];DBLP2.[journals/sigmod/MalaikaEM03];0.8613249361515045
ACM.[671858];DBLP2.[conf/vldb/MohanBWSZ00];0.7288369238376617
ACM.[958948];DBLP2.[journals/tods/HjaltasonS03];0.8301584422588348
ACM.[671204];DBLP2.[conf/vldb/GrovlenHT98];0.7288369238376617
ACM.[673317];DBLP2.[conf/vldb/LeslieJBY95];0.7288369238376617
ACM.[673472];DBLP2.[conf/vldb/Kleewein96];0.7288369238376617
ACM.[671490];DBLP2.[conf/vldb/Pound99];0.7288369238376617
ACM.[671681];DBLP2.[conf/vldb/RisheYACLMVSV00];0.7288369238376617
ACM.[564788];DBLP2.[conf/sigmod/HellersteinW02];0.806350827217102
ACM.[363955];DBLP2.[journals/tods/KemmeA00];0.8301584422588348
ACM.[673501];DBLP2.[conf/vldb/RysNS96];0.7288369238376617
ACM.[765508];DBLP2.[journals/vldb/WangW01];0.8356010317802429
ACM.[564714];DBLP2.[conf/sigmod/PapakonstantinouPV02];0.806350827217102
ACM.[673302];DBLP2.[conf/vldb/AmsalegFG95];0.7288369238376617
ACM.[959081];DBLP2.[journals/sigmod/Wiegand03];0.8350091576576233
ACM.[767151];DBLP2.[journals/vldb/Halevy01];0.8356010317802429
ACM.[673489];DBLP2.[conf/vldb/Sullivan96];0.7288369238376617
ACM.[673667];DBLP2.[conf/vldb/HelmerM97];0.7288369238376617
ACM.[564785];DBLP2.[conf/sigmod/LuWYBLY02];0.806350827217102
ACM.[953244];DBLP2.[journals/vldb/FiletoLPAM03];0.8356010317802429
ACM.[672976];DBLP2.[conf/vldb/GutierrezPST94];0.7288369238376617
ACM.[673151];DBLP2.[conf/vldb/OrensteinK95];0.7288369238376617
ACM.[959065];DBLP2.[journals/sigmod/HellersteinHM03];0.8613249361515045
ACM.[672194];DBLP2.[conf/vldb/BaumgartnerFG01];0.7288369238376617
ACM.[672990];DBLP2.[conf/vldb/TsatalosSI94];0.7288369238376617
ACM.[671165];DBLP2.[conf/vldb/DoDJJR98];0.7288369238376617
ACM.[673136];DBLP2.[conf/vldb/HvasshovdTBH95];0.7288369238376617
ACM.[945729];DBLP2.[journals/sigmod/AbererCDDHPS03];0.8613249361515045
ACM.[776986];DBLP2.[journals/sigmod/GolabO03];0.8613249361515045
ACM.[758363];DBLP2.[conf/vldb/ShatdalKN94];0.7288369238376617
ACM.[764206];DBLP2.[journals/vldb/IvesHW02];0.8356010317802429
ACM.[672840];DBLP2.[conf/vldb/MedianoCD94];0.7288369238376617
ACM.[671662];DBLP2.[conf/vldb/AilamakiDHW99];0.7288369238376617
ACM.[671358];DBLP2.[conf/vldb/Kornacker99];0.7288369238376617
ACM.[671008];DBLP2.[conf/vldb/GoldmanW97];0.7288369238376617
ACM.[673663];DBLP2.[conf/vldb/TriantafillouP97];0.7288369238376617
ACM.[672842];DBLP2.[conf/vldb/LitwinNS94];0.7288369238376617
ACM.[564790];DBLP2.[conf/sigmod/Bonnet02];0.806350827217102
ACM.[502032];DBLP2.[journals/tods/LiC01];0.8301584422588348
ACM.[673473];DBLP2.[conf/vldb/Hammond96];0.7288369238376617
ACM.[764201];DBLP2.[journals/vldb/JagadishACLNPPSWWY02];0.8356010317802429
ACM.[672351];DBLP2.[conf/vldb/Gibbons01];0.7288369238376617
ACM.[671491];DBLP2.[conf/vldb/PedersenJD99];0.7288369238376617
ACM.[672187];DBLP2.[conf/vldb/MorishimaKKT01];0.7288369238376617
ACM.[671000];DBLP2.[conf/vldb/HumborstadSHT97];0.7288369238376617
ACM.[601865];DBLP2.[journals/sigmod/Aberer03d];0.8613249361515045
ACM.[604274];DBLP2.[journals/sigmod/Aberer03d];0.8613249361515045
ACM.[507353];DBLP2.[journals/sigmod/Aberer03d];0.8613249361515045
ACM.[565129];DBLP2.[journals/sigmod/Aberer03d];0.8613249361515045
ACM.[637424];DBLP2.[journals/sigmod/Aberer03d];0.8613249361515045
ACM.[776994];DBLP2.[journals/sigmod/Aberer03d];0.8613249361515045
ACM.[959078];DBLP2.[journals/sigmod/Aberer03d];0.8613249361515045
ACM.[640997];DBLP2.[journals/sigmod/MarchiLPT03];0.8613249361515045
ACM.[564799];DBLP2.[conf/sigmod/ShashaB02a];0.7507952749729156
ACM.[564798];DBLP2.[conf/sigmod/ShashaB02a];0.806350827217102
ACM.[671347];DBLP2.[conf/vldb/AcharyaGP99];0.7288369238376617
ACM.[564779];DBLP2.[conf/sigmod/FlorescuGKR02];0.806350827217102
ACM.[672978];DBLP2.[conf/vldb/JonscherD94];0.7288369238376617
ACM.[672176];DBLP2.[conf/vldb/DongHLPW01];0.7288369238376617
ACM.[672831];DBLP2.[conf/vldb/TeisseirePC94];0.7288369238376617
ACM.[564729];DBLP2.[conf/sigmod/VriesMNK02];0.806350827217102
ACM.[672841];DBLP2.[conf/vldb/BrinkhoffK94];0.7288369238376617
ACM.[672988];DBLP2.[conf/vldb/FrohnLU94];0.7288369238376617
ACM.[958946];DBLP2.[journals/tods/Chomicki03];0.8301584422588348
ACM.[673642];DBLP2.[conf/vldb/MalonM97];0.7288369238376617
ACM.[958943];DBLP2.[journals/tods/TaoSP03];0.8301584422588348
ACM.[673325];DBLP2.[conf/vldb/Toivonen96];0.7288369238376617
ACM.[673165];DBLP2.[conf/vldb/EicklerGK95];0.7288369238376617
ACM.[671696];DBLP2.[conf/vldb/ChaudhuriW00];0.7288369238376617
ACM.[765239];DBLP2.[journals/vldb/RamanRH00];0.8356010317802429
ACM.[564766];DBLP2.[conf/sigmod/MarklL02];0.806350827217102
ACM.[671357];DBLP2.[conf/vldb/ChengGKLLQS99];0.7288369238376617
ACM.[673644];DBLP2.[conf/vldb/Huyn97];0.7288369238376617
ACM.[672837];DBLP2.[conf/vldb/GaasterlandL94];0.7288369238376617
ACM.[564794];DBLP2.[conf/sigmod/GarofalakisGR02];0.806350827217102
ACM.[601865];DBLP2.[journals/sigmod/Aberer03b];0.8613249361515045
ACM.[604274];DBLP2.[journals/sigmod/Aberer03b];0.8613249361515045
ACM.[507353];DBLP2.[journals/sigmod/Aberer03b];0.8613249361515045
ACM.[565129];DBLP2.[journals/sigmod/Aberer03b];0.8613249361515045
ACM.[637424];DBLP2.[journals/sigmod/Aberer03b];0.8613249361515045
ACM.[776994];DBLP2.[journals/sigmod/Aberer03b];0.8613249361515045
ACM.[959078];DBLP2.[journals/sigmod/Aberer03b];0.8613249361515045
ACM.[671529];DBLP2.[conf/vldb/KnorrN99];0.7288369238376617
ACM.[777002];DBLP2.[journals/sigmod/CampbellEM03];0.8613249361515045
ACM.[950488];DBLP2.[journals/vldb/ChakrabartiRS03];0.8019673824310303
ACM.[673133];DBLP2.[conf/vldb/Bayer95];0.7288369238376617
ACM.[673669];DBLP2.[conf/vldb/GibbonsMP97];0.7288369238376617
ACM.[671341];DBLP2.[conf/vldb/BraumandlCK98];0.7288369238376617
ACM.[673471];DBLP2.[conf/vldb/Celis96];0.7288369238376617
ACM.[672181];DBLP2.[conf/vldb/DillKMRST01];0.7288369238376617
ACM.[959062];DBLP2.[journals/sigmod/Snodgrass03c];0.8613249361515045
ACM.[672039];DBLP2.[conf/vldb/SindoniTABFGMPPT01];0.7288369238376617
ACM.[671170];DBLP2.[conf/vldb/RamaswamyMS98];0.7288369238376617
ACM.[673161];DBLP2.[conf/vldb/Lindsay95];0.6574083864688873
ACM.[507235];DBLP2.[journals/tods/Suciu02];0.8301584422588348
ACM.[673630];DBLP2.[conf/vldb/Malaika96];0.7288369238376617
ACM.[672034];DBLP2.[conf/vldb/AboulnagaAN01];0.7288369238376617
ACM.[671702];DBLP2.[conf/vldb/DeenJNNW00];0.7288369238376617
ACM.[671503];DBLP2.[conf/vldb/HoskingC99];0.7288369238376617
ACM.[672967];DBLP2.[conf/vldb/IdrisGC94];0.7288369238376617
ACM.[672986];DBLP2.[conf/vldb/MatthesS94];0.7288369238376617
ACM.[673315];DBLP2.[conf/vldb/KalusD95];0.7288369238376617
ACM.[959074];DBLP2.[journals/sigmod/PalpanasPKG03];0.8613249361515045
ACM.[673629];DBLP2.[conf/vldb/Suciu96];0.7288369238376617
ACM.[672033];DBLP2.[conf/vldb/Wadler01];0.7288369238376617
ACM.[671340];DBLP2.[conf/vldb/ArgePRSV98];0.7288369238376617
ACM.[671186];DBLP2.[conf/vldb/MorimotoFMTY98];0.7288369238376617
ACM.[564742];DBLP2.[conf/sigmod/ChoiC02];0.806350827217102
ACM.[672174];DBLP2.[conf/vldb/GilbertKMS01];0.7288369238376617
ACM.[564693];DBLP2.[conf/sigmod/BunemanKTT02];0.806350827217102
ACM.[672183];DBLP2.[conf/vldb/Kotidis01];0.7288369238376617
ACM.[672025];DBLP2.[conf/vldb/RaghavanG01];0.7288369238376617
ACM.[776996];DBLP2.[journals/sigmod/Nascimento03];0.8613249361515045
ACM.[765507];DBLP2.[journals/vldb/LeeSC01];0.8356010317802429
ACM.[671180];DBLP2.[conf/vldb/RoussopoulosK98];0.7288369238376617
ACM.[673647];DBLP2.[conf/vldb/Jacobs97];0.7288369238376617
ACM.[671700];DBLP2.[conf/vldb/Carey00];0.7288369238376617
ACM.[671701];DBLP2.[conf/vldb/AgrawalCN00];0.7288369238376617
ACM.[672373];DBLP2.[conf/vldb/ChienTZ01];0.7288369238376617
ACM.[672028];DBLP2.[conf/vldb/KahveciS01];0.7288369238376617
ACM.[672980];DBLP2.[conf/vldb/Guting94];0.7288369238376617
ACM.[672377];DBLP2.[conf/vldb/LahiriSCMC01];0.7288369238376617
ACM.[777946];DBLP2.[journals/tods/LechtenborgerV03];0.8301584422588348
ACM.[641274];DBLP2.[journals/vldb/HuntAI02];0.8356010317802429
ACM.[671013];DBLP2.[conf/vldb/JagadishNSSK97];0.7288369238376617
ACM.[959066];DBLP2.[journals/sigmod/Mani03];0.8613249361515045
ACM.[959072];DBLP2.[journals/sigmod/TanK03];0.8613249361515045
ACM.[765504];DBLP2.[journals/vldb/NguSHL01];0.8356010317802429
ACM.[950491];DBLP2.[journals/vldb/Li03];0.8356010317802429
ACM.[671852];DBLP2.[conf/vldb/ChakrabartiM00];0.7288369238376617
ACM.[672199];DBLP2.[conf/vldb/CareyKRLABFLOPQRSSUVWY01];0.7288369238376617
ACM.[671327];DBLP2.[conf/vldb/JohnsonM98];0.7288369238376617
ACM.[672370];DBLP2.[conf/vldb/MeccaCM01];0.7288369238376617
ACM.[564718];DBLP2.[conf/sigmod/GillmannWW02];0.806350827217102
ACM.[672214];DBLP2.[conf/vldb/Duranti01];0.7288369238376617
ACM.[277955];DBLP2.[conf/sigmod/Epstein95];0.806350827217102
ACM.[673306];DBLP2.[conf/vldb/Madnick95];0.7288369238376617
ACM.[671842];DBLP2.[conf/vldb/PedersenJD00];0.7288369238376617
ACM.[671854];DBLP2.[conf/vldb/DiligentiCLGG00];0.7288369238376617
ACM.[776999];DBLP2.[journals/sigmod/Vianu03];0.8613249361515045
ACM.[564701];DBLP2.[conf/sigmod/OlstonW02];0.806350827217102
ACM.[775457];DBLP2.[journals/vldb/MedjahedBBNE03];0.8356010317802429
ACM.[672046];DBLP2.[conf/vldb/AksoyZF01];0.7288369238376617
ACM.[673307];DBLP2.[conf/vldb/MogiK95];0.7288369238376617
ACM.[673168];DBLP2.[conf/vldb/WienerN95];0.7288369238376617
ACM.[945731];DBLP2.[journals/sigmod/NejdlSS03];0.8613249361515045
ACM.[959064];DBLP2.[journals/sigmod/Kumar03];0.8613249361515045
ACM.[673461];DBLP2.[conf/vldb/ChaudhuriS96];0.7288369238376617
ACM.[950492];DBLP2.[journals/vldb/ChuaCL03];0.8356010317802429
ACM.[604262];DBLP2.[journals/sigmod/CherniakV03];0.8613249361515045
ACM.[602302];DBLP2.[journals/sigmod/CherniakV03];0.8613249361515045
ACM.[673487];DBLP2.[conf/vldb/FaloutsosG96];0.7288369238376617
ACM.[756664];DBLP2.[conf/vldb/Dasgupta96];0.7288369238376617
ACM.[672015];DBLP2.[conf/vldb/CotterB00];0.7288369238376617
ACM.[604262];DBLP2.[journals/sigmod/RossIJP00];0.8613249361515045
ACM.[602302];DBLP2.[journals/sigmod/RossIJP00];0.8613249361515045
ACM.[671844];DBLP2.[conf/vldb/KriegelPS00];0.7288369238376617
ACM.[673658];DBLP2.[conf/vldb/SellisRF97];0.7288369238376617
ACM.[564722];DBLP2.[conf/sigmod/BrunoC02];0.806350827217102
ACM.[672822];DBLP2.[conf/vldb/ChawatheCY94];0.7288369238376617
ACM.[671530];DBLP2.[conf/vldb/VriesDBA99];0.7288369238376617
ACM.[671185];DBLP2.[conf/vldb/MengLYWCR98];0.7288369238376617
ACM.[673314];DBLP2.[conf/vldb/FerrandinaMZFM95];0.7288369238376617
ACM.[672204];DBLP2.[conf/vldb/WiesnerK01];0.7288369238376617
ACM.[671349];DBLP2.[conf/vldb/McHughW99];0.7288369238376617
ACM.[671525];DBLP2.[conf/vldb/CarinoOBS99];0.7288369238376617
ACM.[672013];DBLP2.[conf/vldb/DingGS00];0.7288369238376617
ACM.[672355];DBLP2.[conf/vldb/AbrolLMMMRTWZ01];0.7288369238376617
ACM.[672007];DBLP2.[conf/vldb/RamamrithamABEGP00];0.7288369238376617
ACM.[672991];DBLP2.[conf/vldb/FerrandinaMZ94];0.7288369238376617
ACM.[950485];DBLP2.[journals/vldb/AbadiCCCCLSTZ03];0.8356010317802429
ACM.[564723];DBLP2.[conf/sigmod/RamanH02];0.806350827217102
ACM.[383735];DBLP2.[journals/tods/AndriesCPB01];0.8301584422588348
ACM.[381882];DBLP2.[journals/sigmod/AdelbergKG96];0.8613249361515045
ACM.[564755];DBLP2.[conf/sigmod/KanthRA02];0.806350827217102
ACM.[758376];DBLP2.[conf/vldb/X00a];0.7288369238376617
ACM.[253401];DBLP2.[conf/sigmod/BohrerBBCFHKKMNRRSUUW97a];0.806350827217102
ACM.[765236];DBLP2.[journals/vldb/ClaussenKKW00];0.7773458659648895
ACM.[671009];DBLP2.[conf/vldb/KumarKA97];0.7288369238376617
ACM.[672349];DBLP2.[conf/vldb/StillgerLMK01];0.7288369238376617
ACM.[671191];DBLP2.[conf/vldb/JagadishKMPSS98];0.7288369238376617
ACM.[673474];DBLP2.[conf/vldb/BohlenSS96];0.7288369238376617
ACM.[767129];DBLP2.[journals/vldb/HjaltasonS02];0.8356010317802429
ACM.[671519];DBLP2.[conf/vldb/TanGO99];0.7288369238376617
ACM.[672206];DBLP2.[conf/vldb/ZhouLZLZJT01];0.7288369238376617
ACM.[673153];DBLP2.[conf/vldb/YanG95];0.7288369238376617
ACM.[767146];DBLP2.[journals/vldb/PottingerH01];0.8356010317802429
ACM.[672994];DBLP2.[conf/vldb/ChakravarthyKAK94];0.7288369238376617
ACM.[765235];DBLP2.[journals/vldb/BernsteinPS00];0.8356010317802429
ACM.[673643];DBLP2.[journals/vldb/NgC98];0.726138710975647
ACM.[872767];DBLP2.[conf/sigmod/WitkowskiBBDFGSS03];0.806350827217102
ACM.[352983];DBLP2.[journals/tods/Lerner00];0.8301584422588348
ACM.[564762];DBLP2.[conf/sigmod/AntonJLPZZ02];0.806350827217102
ACM.[673164];DBLP2.[conf/vldb/AmmannJR95];0.7288369238376617
ACM.[564781];DBLP2.[conf/sigmod/HanWDPW02];0.806350827217102
ACM.[767152];DBLP2.[journals/vldb/LaurentLSV01];0.8356010317802429
ACM.[671682];DBLP2.[conf/vldb/ShahabiFKF00];0.7288369238376617
ACM.[671329];DBLP2.[conf/vldb/Ganguly98];0.7288369238376617
ACM.[564721];DBLP2.[conf/sigmod/LuoEHN02];0.806350827217102
ACM.[219766];DBLP2.[journals/sigmod/SellisV95];0.7906142473220825
ACM.[564695];DBLP2.[conf/sigmod/KalnisNOPT02];0.806350827217102
ACM.[671849];DBLP2.[conf/vldb/GoldsteinR00];0.7288369238376617
ACM.[671687];DBLP2.[conf/vldb/WangZ00];0.7288369238376617
ACM.[671350];DBLP2.[conf/vldb/SahuguetA99];0.7288369238376617
ACM.[670993];DBLP2.[conf/vldb/RossS97];0.7288369238376617
ACM.[672198];DBLP2.[conf/vldb/BohmMSW01];0.7288369238376617
ACM.[564782];DBLP2.[conf/sigmod/AgrawalCD02];0.806350827217102
ACM.[641273];DBLP2.[journals/vldb/AguileraCMVV02];0.8356010317802429
ACM.[673637];DBLP2.[conf/vldb/Cuppens96];0.7288369238376617
ACM.[671668];DBLP2.[conf/vldb/KonigW99];0.7288369238376617
ACM.[564717];DBLP2.[conf/sigmod/HacigumusILM02];0.806350827217102
ACM.[950494];DBLP2.[journals/vldb/YangW03];0.8356010317802429
ACM.[564783];DBLP2.[conf/sigmod/PhanN02];0.806350827217102
ACM.[673162];DBLP2.[conf/vldb/Spintzik95];0.7288369238376617
ACM.[671876];DBLP2.[conf/vldb/CeriCW00];0.7288369238376617
ACM.[673157];DBLP2.[conf/vldb/AgrawalPWZ95];0.7288369238376617
ACM.[758374];DBLP2.[conf/vldb/ZirintsisKM99];0.7288369238376617
ACM.[673469];DBLP2.[conf/vldb/LevyRO96];0.7288369238376617
ACM.[777000];DBLP2.[journals/sigmod/ChongFTSYKDJJ03];0.8613249361515045
ACM.[671673];DBLP2.[conf/vldb/JosifovskiR99];0.7288369238376617
ACM.[672832];DBLP2.[conf/vldb/LuOT94];0.7288369238376617
ACM.[672360];DBLP2.[conf/vldb/Mohan01];0.7288369238376617
ACM.[673648];DBLP2.[conf/vldb/Jamil97];0.7288369238376617
ACM.[564774];DBLP2.[conf/sigmod/WangTYGWP02];0.806350827217102
ACM.[671335];DBLP2.[conf/vldb/BelloDDFNSWZ98];0.7288369238376617
ACM.[672982];DBLP2.[conf/vldb/AmielBDS94];0.7288369238376617
ACM.[671173];DBLP2.[conf/vldb/Moerkotte98];0.7288369238376617
ACM.[671331];DBLP2.[conf/vldb/IshikawaSF98];0.7288369238376617
ACM.[672188];DBLP2.[conf/vldb/UrhanF01];0.7288369238376617
ACM.[671680];DBLP2.[conf/vldb/Brodie00];0.7288369238376617
ACM.[671861];DBLP2.[conf/vldb/Brodie00];0.6903753876686096
ACM.[672827];DBLP2.[conf/vldb/NgH94];0.7288369238376617
ACM.[673144];DBLP2.[conf/vldb/MillinerBP95];0.7288369238376617
ACM.[671196];DBLP2.[conf/vldb/ZimbraoS98];0.7288369238376617
ACM.[673324];DBLP2.[conf/vldb/Gupta96];0.7288369238376617
ACM.[671495];DBLP2.[conf/vldb/TamuraK99];0.7288369238376617
ACM.[673001];DBLP2.[conf/vldb/KamelF94];0.7288369238376617
ACM.[671671];DBLP2.[conf/vldb/HaasKU99];0.7288369238376617
ACM.[945733];DBLP2.[journals/sigmod/ArenasKKKMM03];0.8613249361515045
ACM.[945724];DBLP2.[journals/sigmod/Halevy03];0.8613249361515045
ACM.[564771];DBLP2.[conf/sigmod/ChenRW02];0.806350827217102
ACM.[767128];DBLP2.[journals/vldb/SakuraiYUK02];0.8356010317802429
ACM.[671192];DBLP2.[conf/vldb/WeberSB98];0.7288369238376617
ACM.[959076];DBLP2.[journals/sigmod/CalvaneseGLV03];0.8613249361515045
ACM.[672365];DBLP2.[conf/vldb/NatsevCSLV01];0.7288369238376617
ACM.[352963];DBLP2.[journals/tods/GutingBEJLSV00];0.7676584720611572
ACM.[672973];DBLP2.[conf/vldb/RosenthalS94];0.7288369238376617
ACM.[672024];DBLP2.[conf/vldb/SakuraiYKU01];0.7288369238376617
ACM.[945722];DBLP2.[journals/sigmod/NascimentoSP03];0.8613249361515045
ACM.[604262];DBLP2.[journals/sigmod/RossCGJBV99];0.8613249361515045
ACM.[602302];DBLP2.[journals/sigmod/RossCGJBV99];0.8613249361515045
ACM.[673298];DBLP2.[conf/vldb/BargaP95];0.7288369238376617
ACM.[672177];DBLP2.[conf/vldb/OzsuLON01];0.7288369238376617
ACM.[958945];DBLP2.[journals/tods/ChoG03];0.8301584422588348
ACM.[673466];DBLP2.[conf/vldb/SevcikK96];0.7288369238376617
ACM.[672011];DBLP2.[conf/vldb/MatiasVW00];0.7288369238376617
ACM.[670994];DBLP2.[conf/vldb/GravanoG97];0.7288369238376617
ACM.[671168];DBLP2.[conf/vldb/FlorescuLS98];0.7288369238376617
ACM.[672004];DBLP2.[conf/vldb/SrinivasanDFCJYKTDB00];0.7288369238376617
ACM.[672819];DBLP2.[conf/vldb/SteenhagenABB94];0.7288369238376617
ACM.[671359];DBLP2.[conf/vldb/ChaudhuriG99];0.7288369238376617
ACM.[673497];DBLP2.[conf/vldb/AgarwalADGNRS96];0.7288369238376617
ACM.[672208];DBLP2.[conf/vldb/StohrR01];0.7288369238376617
ACM.[672375];DBLP2.[conf/vldb/ChaHKK01];0.7288369238376617
ACM.[671690];DBLP2.[conf/vldb/PereiraFLS00];0.7288369238376617
ACM.[673137];DBLP2.[conf/vldb/BassiliadesV95];0.7288369238376617
ACM.[765506];DBLP2.[journals/vldb/LiCHH01];0.8356010317802429
ACM.[671843];DBLP2.[conf/vldb/StohrMR00];0.7288369238376617
ACM.[673665];DBLP2.[conf/vldb/LockemannKKKN97];0.7288369238376617
ACM.[671836];DBLP2.[conf/vldb/NetzCBF00];0.7288369238376617
ACM.[671344];DBLP2.[conf/vldb/Greco98];0.7288369238376617
ACM.[672005];DBLP2.[conf/vldb/GrumbachRS00];0.7288369238376617
ACM.[375666];DBLP2.[conf/sigmod/NgWY01];0.806350827217102
ACM.[671684];DBLP2.[conf/vldb/LabioYCGW00];0.7288369238376617
ACM.[767140];DBLP2.[journals/vldb/DattaDVRN01];0.8356010317802429
ACM.[767136];DBLP2.[journals/vldb/BonifatiCP01];0.8356010317802429
ACM.[581752];DBLP2.[journals/tods/CaldersNW02];0.8301584422588348
ACM.[223867];DBLP2.[conf/sigmod/WoelkBJOTU95];0.73564013838768
ACM.[953242];DBLP2.[journals/vldb/HalkidiNVV03];0.8356010317802429
ACM.[673150];DBLP2.[conf/vldb/GuptaHQ95];0.7288369238376617
ACM.[673294];DBLP2.[conf/vldb/GravanoG95];0.7288369238376617
ACM.[776995];DBLP2.[journals/sigmod/Hoffner03];0.8613249361515045
ACM.[758366];DBLP2.[conf/vldb/Baru96];0.7288369238376617
ACM.[673154];DBLP2.[conf/vldb/YanL95];0.7288369238376617
ACM.[673312];DBLP2.[conf/vldb/ChaudhuriGS95];0.7288369238376617
ACM.[671352];DBLP2.[conf/vldb/DattaRT99];0.7288369238376617
ACM.[671494];DBLP2.[conf/vldb/RothOH99];0.7288369238376617
ACM.[671498];DBLP2.[conf/vldb/BernsteinPS99];0.7288369238376617
ACM.[672008];DBLP2.[conf/vldb/ChoenniV00];0.7288369238376617
ACM.[767094];DBLP2.[journals/vldb/RafieiM02];0.8356010317802429
ACM.[762472];DBLP2.[journals/tods/BeneventanoBS03];0.8301584422588348
ACM.[765237];DBLP2.[journals/vldb/JagadishKNS00];0.8356010317802429
ACM.[672372];DBLP2.[conf/vldb/MarronL01];0.7288369238376617
ACM.[564719];DBLP2.[conf/sigmod/DasuJMS02];0.7608962953090668
ACM.[671172];DBLP2.[conf/vldb/AbiteboulMRVW98];0.7288369238376617
ACM.[672010];DBLP2.[conf/vldb/ManegoldBK00];0.7288369238376617
ACM.[672009];DBLP2.[conf/vldb/RamasamyPNK00];0.7288369238376617
ACM.[758382];DBLP2.[conf/vldb/MargaritisFT01];0.7288369238376617
ACM.[959079];DBLP2.[journals/sigmod/WangD03];0.8279916048049927
ACM.[673155];DBLP2.[conf/vldb/AgrawalLSS95];0.7288369238376617
ACM.[673328];DBLP2.[conf/vldb/FaloutsosMS96];0.7288369238376617
ACM.[672178];DBLP2.[conf/vldb/OoiYTJ01];0.7288369238376617
ACM.[671845];DBLP2.[conf/vldb/SchaeferBBJ00];0.7288369238376617
ACM.[564725];DBLP2.[conf/sigmod/GuhaJKSY02];0.806350827217102
ACM.[564733];DBLP2.[conf/sigmod/PolyzotisG02];0.806350827217102
ACM.[502031];DBLP2.[journals/tods/EiterLLS01];0.8301584422588348
ACM.[277955];DBLP2.[conf/sigmod/Ellison95];0.806350827217102
ACM.[767134];DBLP2.[journals/vldb/MecellaP01];0.8356010317802429
ACM.[671526];DBLP2.[conf/vldb/Mohan99];0.7288369238376617
ACM.[671194];DBLP2.[conf/vldb/RezendeH98];0.7288369238376617
ACM.[672835];DBLP2.[conf/vldb/HasanM94];0.7288369238376617
ACM.[672020];DBLP2.[conf/vldb/YagoubFIV00];0.7288369238376617
ACM.[673482];DBLP2.[conf/vldb/GuptaM96];0.7288369238376617
ACM.[564713];DBLP2.[conf/sigmod/FreireHRRS02];0.806350827217102
ACM.[672027];DBLP2.[conf/vldb/JensenL01];0.7288369238376617
ACM.[672824];DBLP2.[conf/vldb/FuC94];0.7288369238376617
ACM.[945735];DBLP2.[journals/sigmod/Ouksel03];0.8613249361515045
ACM.[673003];DBLP2.[conf/vldb/ColletCS94];0.7288369238376617
ACM.[375757];DBLP2.[conf/sigmod/Sahuguet01];0.7563508450984955
ACM.[672352];DBLP2.[conf/vldb/OzdenGHNSDGGW01];0.7288369238376617
ACM.[671509];DBLP2.[conf/vldb/BamfordAP99];0.7288369238376617
ACM.[671001];DBLP2.[conf/vldb/KietzRS97];0.7288369238376617
ACM.[673299];DBLP2.[conf/vldb/MehtaD95];0.7288369238376617
ACM.[672833];DBLP2.[conf/vldb/GoodmanRS94];0.7288369238376617
ACM.[672371];DBLP2.[conf/vldb/SeegerBBKSDS01];0.7288369238376617
ACM.[671033];DBLP2.[conf/vldb/LinR98];0.7288369238376617
ACM.[671520];DBLP2.[conf/vldb/FuhDCMTLDRM99];0.7288369238376617
ACM.[564705];DBLP2.[conf/sigmod/Grust02];0.806350827217102
ACM.[672981];DBLP2.[conf/vldb/KilgerM94];0.7288369238376617
ACM.[672838];DBLP2.[conf/vldb/SetzerZ94];0.7288369238376617
ACM.[672362];DBLP2.[conf/vldb/LabrinidisR01];0.7288369238376617
ACM.[671695];DBLP2.[conf/vldb/ShanmugasundaramSBCLPR00];0.7288369238376617
ACM.[219774];DBLP2.[journals/sigmod/Stacey95];0.8613249361515045
ACM.[673480];DBLP2.[conf/vldb/BerckenS96];0.7288369238376617
ACM.[673645];DBLP2.[conf/vldb/AshwinRSSS97];0.7288369238376617
ACM.[671333];DBLP2.[conf/vldb/BlottKS98];0.7288369238376617
ACM.[671031];DBLP2.[conf/vldb/CarinoO98];0.7288369238376617
ACM.[764204];DBLP2.[journals/vldb/ChienTZ02];0.8356010317802429
ACM.[671664];DBLP2.[conf/vldb/AbiteboulACEMM99];0.7288369238376617
ACM.[673319];DBLP2.[conf/vldb/SimonD95];0.7288369238376617
ACM.[673495];DBLP2.[conf/vldb/FukudaMMT96];0.7288369238376617
ACM.[775454];DBLP2.[journals/vldb/ShethTP03];0.8356010317802429
ACM.[767148];DBLP2.[journals/vldb/Sarawagi01];0.8356010317802429
ACM.[959067];DBLP2.[journals/sigmod/BonnetBDL03];0.8613249361515045
ACM.[671345];DBLP2.[conf/vldb/RiedelGF98];0.7288369238376617
ACM.[671679];DBLP2.[conf/vldb/ChoG00];0.7288369238376617
ACM.[673656];DBLP2.[conf/vldb/TheodoratosS97];0.7288369238376617
ACM.[671002];DBLP2.[conf/vldb/MaratheS97];0.7288369238376617
ACM.[673329];DBLP2.[conf/vldb/Padmanabhan96];0.7288369238376617
ACM.[604262];DBLP2.[journals/sigmod/RossFLOSSVW00];0.8613249361515045
ACM.[602302];DBLP2.[journals/sigmod/RossFLOSSVW00];0.8613249361515045
ACM.[671190];DBLP2.[journals/vldb/GeorgeH00];0.6547101736068726
ACM.[564751];DBLP2.[conf/sigmod/JosifovskiSHL02];0.806350827217102
ACM.[671161];DBLP2.[conf/vldb/GingrasL98];0.7288369238376617
ACM.[670999];DBLP2.[conf/vldb/BernsteinHSSZ97];0.7288369238376617
ACM.[671518];DBLP2.[conf/vldb/BouganimCDDGS99];0.7288369238376617
ACM.[671669];DBLP2.[conf/vldb/Chawathe99];0.7288369238376617
ACM.[673000];DBLP2.[conf/vldb/JagadishLRSS94];0.6663369536399841
ACM.[672971];DBLP2.[conf/vldb/GehaniJR94];0.7288369238376617
ACM.[673331];DBLP2.[conf/vldb/LeeL96];0.7288369238376617
ACM.[671521];DBLP2.[conf/vldb/PacittMS99];0.7288369238376617
ACM.[673334];DBLP2.[conf/vldb/Gawlick96];0.7288369238376617
ACM.[671334];DBLP2.[conf/vldb/KnorrN98];0.7288369238376617
ACM.[564757];DBLP2.[conf/sigmod/RaoZML02];0.806350827217102
ACM.[671689];DBLP2.[conf/vldb/YiF00];0.7288369238376617
ACM.[673002];DBLP2.[conf/vldb/BaralisW94];0.7288369238376617
ACM.[672216];DBLP2.[conf/vldb/ChirkovaHS01];0.7288369238376617
ACM.[672200];DBLP2.[conf/vldb/GravanoIJKMS01];0.7288369238376617
ACM.[671527];DBLP2.[conf/vldb/IoannidisP99];0.7288369238376617
ACM.[671014];DBLP2.[conf/vldb/AtzeniMM97];0.7288369238376617
ACM.[671011];DBLP2.[conf/vldb/BridgeJKLLM97];0.7288369238376617
ACM.[672207];DBLP2.[conf/vldb/StanoiRAA01];0.7288369238376617
ACM.[673170];DBLP2.[conf/vldb/LometT95];0.7288369238376617
ACM.[564763];DBLP2.[conf/sigmod/LuoKMPWLN02];0.806350827217102
ACM.[671343];DBLP2.[conf/vldb/Tygar98];0.7288369238376617
ACM.[673145];DBLP2.[conf/vldb/HellersteinNP95];0.7288369238376617
ACM.[564710];DBLP2.[conf/sigmod/ChenGMV02];0.7507952749729156
ACM.[671677];DBLP2.[conf/vldb/MillerHH00];0.7288369238376617
ACM.[945736];DBLP2.[journals/sigmod/KoubarakisTID03];0.8613249361515045
ACM.[758383];DBLP2.[conf/vldb/Adler01];0.7288369238376617
ACM.[671699];DBLP2.[conf/vldb/KoudasIM00];0.7288369238376617
ACM.[672989];DBLP2.[conf/vldb/OuzzaniAB94];0.7288369238376617
ACM.[672197];DBLP2.[conf/vldb/BerckenS01];0.7288369238376617
ACM.[672037];DBLP2.[conf/vldb/Huyn01];0.7288369238376617
ACM.[959068];DBLP2.[journals/sigmod/ChengP03];0.8613249361515045
ACM.[959061];DBLP2.[journals/sigmod/Date03];0.8613249361515045
ACM.[959071];DBLP2.[journals/sigmod/KannanKIK03];0.8613249361515045
ACM.[945727];DBLP2.[journals/sigmod/Aberer03c];0.8613249361515045
ACM.[673304];DBLP2.[conf/vldb/SrikantA95];0.7288369238376617
ACM.[776991];DBLP2.[journals/sigmod/FifeG03];0.8613249361515045
ACM.[640992];DBLP2.[journals/sigmod/GottlobKP03a];0.8613249361515045
ACM.[776988];DBLP2.[journals/sigmod/GottlobKP03a];0.8613249361515045
ACM.[758379];DBLP2.[conf/vldb/YagoubFIV00a];0.7288369238376617
ACM.[641272];DBLP2.[journals/vldb/ChirkovaHS02];0.8356010317802429
ACM.[673318];DBLP2.[conf/vldb/ReuterCGSW95];0.7288369238376617
ACM.[673130];DBLP2.[conf/vldb/GallersdorferN95];0.7288369238376617
ACM.[673467];DBLP2.[conf/vldb/Mattos96];0.7288369238376617
ACM.[671856];DBLP2.[conf/vldb/Ladin00];0.7288369238376617
ACM.[959069];DBLP2.[journals/sigmod/AilamakiFFSV03];0.8613249361515045
ACM.[568519];DBLP2.[journals/tods/BrunoCG02];0.8301584422588348
ACM.[671866];DBLP2.[conf/vldb/Deshpande00];0.7288369238376617
ACM.[671342];DBLP2.[conf/vldb/SheikholeslamiCZ98];0.7288369238376617
ACM.[672045];DBLP2.[conf/vldb/RamanH01];0.7288369238376617
ACM.[673006];DBLP2.[conf/vldb/Brin95];0.7288369238376617
ACM.[564761];DBLP2.[conf/sigmod/Team02];0.806350827217102
ACM.[671855];DBLP2.[conf/vldb/KemmeA00];0.7288369238376617
ACM.[672014];DBLP2.[conf/vldb/BeneventanoBCCGMMV00];0.7288369238376617
ACM.[212019];DBLP2.[journals/sigmod/RisheSBDOALOSS95];0.8613249361515045
ACM.[670991];DBLP2.[conf/vldb/LlirbatST97];0.7288369238376617
ACM.[671522];DBLP2.[conf/vldb/CareyCNVDRSM99];0.7288369238376617
ACM.[672209];DBLP2.[conf/vldb/FegarasE01];0.7288369238376617
ACM.[767138];DBLP2.[journals/vldb/SuHHHLWLPLL01];0.8356010317802429
ACM.[507237];DBLP2.[journals/tods/LiuDL02];0.8301584422588348
ACM.[671851];DBLP2.[conf/vldb/ChakrabartiGRS00];0.7288369238376617
ACM.[672378];DBLP2.[conf/vldb/MaedaT01];0.7288369238376617
ACM.[673167];DBLP2.[conf/vldb/SteinbrunnPMK95];0.7288369238376617
ACM.[673464];DBLP2.[conf/vldb/ViverosNR96];0.7288369238376617
ACM.[756661];DBLP2.[conf/vldb/RamakrishnanGRSWZ95];0.7288369238376617
ACM.[671326];DBLP2.[conf/vldb/MiloZ98];0.7288369238376617
ACM.[671024];DBLP2.[conf/vldb/OzsuVU98];0.7288369238376617
ACM.[672012];DBLP2.[conf/vldb/Ramaswamy00];0.7288369238376617
ACM.[950483];DBLP2.[journals/vldb/RamamurthyDS03];0.8356010317802429
ACM.[758373];DBLP2.[conf/vldb/KoudasMJ99];0.7288369238376617
ACM.[673628];DBLP2.[conf/vldb/ChatziantoniouR96];0.7288369238376617
ACM.[672016];DBLP2.[conf/vldb/BalminPP00];0.7288369238376617
ACM.[672350];DBLP2.[conf/vldb/NishioSTTL01];0.7288369238376617
ACM.[671502];DBLP2.[conf/vldb/Dayal99];0.7288369238376617
ACM.[672996];DBLP2.[conf/vldb/JohnsonS94];0.7288369238376617
ACM.[564784];DBLP2.[conf/sigmod/HinneburgKW02];0.806350827217102
ACM.[672366];DBLP2.[conf/vldb/SatheS01];0.7288369238376617
ACM.[363956];DBLP2.[journals/tods/Meo00];0.8301584422588348
ACM.[671688];DBLP2.[conf/vldb/JarkeKL00];0.7288369238376617
ACM.[672006];DBLP2.[conf/vldb/MendelzonV00];0.7288369238376617
ACM.[505049];DBLP2.[journals/tods/Snodgrass01a];0.8301584422588348
ACM.[505055];DBLP2.[journals/tods/Snodgrass01a];0.8301584422588348
ACM.[641269];DBLP2.[journals/tods/Snodgrass01a];0.8232233226299286
ACM.[671197];DBLP2.[conf/vldb/HelmerWM98];0.7288369238376617
ACM.[672018];DBLP2.[conf/vldb/DuttaDMRT00];0.7288369238376617
ACM.[673313];DBLP2.[conf/vldb/DidriksenGD95];0.7288369238376617
ACM.[671021];DBLP2.[conf/vldb/ChavdaW97];0.7288369238376617
ACM.[673641];DBLP2.[conf/vldb/FaloutsosJS97];0.7288369238376617
ACM.[673651];DBLP2.[conf/vldb/MorimotoIM97];0.7288369238376617
ACM.[673659];DBLP2.[conf/vldb/ChakrabartiDAR97];0.7288369238376617
ACM.[758371];DBLP2.[conf/vldb/FankhauserGLMT98];0.7288369238376617
ACM.[672985];DBLP2.[conf/vldb/BrownCC94];0.7288369238376617
ACM.[604262];DBLP2.[journals/sigmod/RossNO03];0.8613249361515045
ACM.[602302];DBLP2.[journals/sigmod/RossNO03];0.8613249361515045
ACM.[672995];DBLP2.[conf/vldb/SreenathS94];0.7288369238376617
ACM.[187439];DBLP2.[journals/sigmod/Group94];0.7900778949260712
ACM.[673638];DBLP2.[conf/vldb/PoosalaI97];0.7288369238376617
ACM.[945734];DBLP2.[journals/sigmod/OoiST03];0.8613249361515045
ACM.[672192];DBLP2.[conf/vldb/VeltriCV01];0.7288369238376617
ACM.[673662];DBLP2.[conf/vldb/VassalosP97];0.7288369238376617
ACM.[671183];DBLP2.[conf/vldb/RastogiS98];0.7288369238376617
ACM.[671188];DBLP2.[conf/vldb/GarciaLL98];0.7288369238376617
ACM.[672992];DBLP2.[conf/vldb/BernsteinD94];0.7288369238376617
ACM.[671179];DBLP2.[conf/vldb/ShivakumarGC98];0.7288369238376617
ACM.[671667];DBLP2.[conf/vldb/JagadishMN99];0.7288369238376617
ACM.[767143];DBLP2.[journals/vldb/PucheralBVB01];0.8356010317802429
ACM.[673004];DBLP2.[conf/vldb/MartinC94];0.7288369238376617
ACM.[671363];DBLP2.[conf/vldb/VorugantiOU99];0.7288369238376617
ACM.[958944];DBLP2.[journals/tods/LakshmananLN03];0.8301584422588348
ACM.[673652];DBLP2.[conf/vldb/BaumannFRW97];0.7288369238376617
ACM.[945723];DBLP2.[journals/sigmod/Snodgrass03b];0.8613249361515045
ACM.[564727];DBLP2.[conf/sigmod/BrunoKS02];0.806350827217102
ACM.[672972];DBLP2.[conf/vldb/LevySSZ94];0.7288369238376617
ACM.[671497];DBLP2.[conf/vldb/AbiteboulAAACHHMMMMSTV99];0.7288369238376617
ACM.[673481];DBLP2.[conf/vldb/PapakonstantinouAG96];0.7288369238376617
ACM.[671199];DBLP2.[conf/vldb/Slutz98];0.7288369238376617
ACM.[671026];DBLP2.[conf/vldb/MuthOPW98];0.7288369238376617
ACM.[581753];DBLP2.[journals/tods/GibbonsMP02];0.8301584422588348
ACM.[673327];DBLP2.[conf/vldb/Hess96];0.7288369238376617
ACM.[767144];DBLP2.[journals/vldb/ShanmugasundaramSBCLPR01];0.8356010317802429
ACM.[564773];DBLP2.[conf/sigmod/KarbhariRXD02];0.806350827217102
ACM.[505049];DBLP2.[journals/tods/Snodgrass01];0.8301584422588348
ACM.[505055];DBLP2.[journals/tods/Snodgrass01];0.8301584422588348
ACM.[641269];DBLP2.[journals/tods/Snodgrass01];0.8232233226299286
ACM.[673303];DBLP2.[conf/vldb/SeligmanBNSW95];0.7288369238376617
ACM.[758377];DBLP2.[conf/vldb/YuV00];0.7288369238376617
ACM.[671512];DBLP2.[conf/vldb/KumarRRT99];0.7288369238376617
ACM.[672179];DBLP2.[conf/vldb/BlokWZPAKJ01];0.7288369238376617
ACM.[673646];DBLP2.[conf/vldb/ChaudhuriN97];0.7288369238376617
ACM.[673483];DBLP2.[conf/vldb/Klots96];0.7288369238376617
ACM.[671353];DBLP2.[conf/vldb/Campbell99];0.7288369238376617
ACM.[670995];DBLP2.[conf/vldb/HaasKWY97];0.7288369238376617
ACM.[671504];DBLP2.[conf/vldb/PitouraC99];0.7288369238376617
ACM.[758369];DBLP2.[conf/vldb/WangYM97];0.7288369238376617
ACM.[950484];DBLP2.[journals/vldb/ChanGR03];0.8356010317802429
ACM.[672044];DBLP2.[conf/vldb/ChaudhuriS01];0.7288369238376617
ACM.[383893];DBLP2.[journals/tods/FukudaMMT01];0.8301584422588348
ACM.[673142];DBLP2.[conf/vldb/RusinkiewiczKTWM95];0.7288369238376617
ACM.[671872];DBLP2.[conf/vldb/RamsakMFZEB00];0.7288369238376617
ACM.[673146];DBLP2.[conf/vldb/SistlaYLL95];0.7288369238376617
ACM.[673465];DBLP2.[conf/vldb/CareyD96];0.7288369238376617
ACM.[671874];DBLP2.[conf/vldb/JohnsonA00];0.7288369238376617
ACM.[758378];DBLP2.[conf/vldb/ChakrabartiSST00];0.7288369238376617
ACM.[503102];DBLP2.[journals/tods/LakshmananSS01];0.8301584422588348
ACM.[672963];DBLP2.[conf/vldb/XieH94];0.7288369238376617
ACM.[776990];DBLP2.[journals/sigmod/dOnofrioP03];0.8613249361515045
ACM.[945725];DBLP2.[journals/sigmod/AilamakiH03];0.8613249361515045
ACM.[767133];DBLP2.[journals/vldb/Atkinson00];0.8356010317802429
ACM.[765219];DBLP2.[journals/vldb/Atkinson00];0.8356010317802429
ACM.[765234];DBLP2.[journals/vldb/Atkinson00];0.8356010317802429
ACM.[767142];DBLP2.[journals/vldb/Atkinson00];0.8356010317802429
ACM.[953239];DBLP2.[journals/vldb/Atkinson00];0.8356010317802429
ACM.[950482];DBLP2.[journals/vldb/Atkinson00];0.8356010317802429
ACM.[673141];DBLP2.[conf/vldb/SumiyaYTSI95];0.7288369238376617
ACM.[673134];DBLP2.[conf/vldb/HanF95];0.7288369238376617
ACM.[671198];DBLP2.[conf/vldb/AnkerstBKS98];0.7288369238376617
ACM.[673488];DBLP2.[conf/vldb/Suciu96a];0.7288369238376617
ACM.[671863];DBLP2.[conf/vldb/LakshmananJN00];0.7288369238376617
ACM.[357777];DBLP2.[journals/tods/CuiWW00];0.8301584422588348
ACM.[672826];DBLP2.[conf/vldb/LiC94];0.7288369238376617
ACM.[670997];DBLP2.[conf/vldb/GinisHKMT97];0.7288369238376617
ACM.[672017];DBLP2.[conf/vldb/GantiLR00];0.7288369238376617
ACM.[672184];DBLP2.[conf/vldb/Gentili01];0.7288369238376617
ACM.[756647];DBLP2.[conf/vldb/GuPS00];0.7288369238376617
ACM.[564786];DBLP2.[conf/sigmod/RundensteinerWYD02];0.806350827217102
ACM.[671160];DBLP2.[conf/vldb/GraefeBC98];0.7288369238376617
ACM.[673639];DBLP2.[conf/vldb/GyssensL97];0.7288369238376617
ACM.[671012];DBLP2.[conf/vldb/DesslochM97];0.7288369238376617
ACM.[604262];DBLP2.[journals/sigmod/RossKMV02];0.8613249361515045
ACM.[602302];DBLP2.[journals/sigmod/RossKMV02];0.8613249361515045
ACM.[672347];DBLP2.[conf/vldb/ChungCLL01];0.7288369238376617
ACM.[672979];DBLP2.[conf/vldb/WienerN94];0.7288369238376617
ACM.[672357];DBLP2.[conf/vldb/AndreiV01];0.7288369238376617
ACM.[762473];DBLP2.[journals/tods/KarpSP03];0.8301584422588348
ACM.[375680];DBLP2.[journals/tods/ChakrabartiKMP02];0.7807354927062988
ACM.[568520];DBLP2.[journals/tods/ChakrabartiKMP02];0.8301584422588348
ACM.[672035];DBLP2.[conf/vldb/LiM01];0.7288369238376617
