"acmbd.[conf/vldb/RusinkiewiczKTWM95]";"acmbd2.[ï»¿"id"]";"0.0";"";""
"acmbd.[conf/vldb/RusinkiewiczKTWM95]";"acmbd2.[aKcZKwvwbQwJ]";"0.10000002384185791";"";""
"acmbd.[conf/vldb/RusinkiewiczKTWM95]";"acmbd2.[ixKfiTHoaDoJ]";"0.0";"";""
"acmbd.[conf/vldb/RusinkiewiczKTWM95]";"acmbd2.[3BxllB4wwcIJ]";"0.0";"";""
"acmbd.[conf/vldb/RusinkiewiczKTWM95]";"acmbd2.[d2WWxwKMex4J]";"0.0";"";""
"acmbd.[conf/vldb/RusinkiewiczKTWM95]";"acmbd2.[cZCX-AQpjccJ]";"0.024390220642089844";"";""
"acmbd.[conf/vldb/RusinkiewiczKTWM95]";"acmbd2.[DMhfVNSDYD4J]";"0.0";"";""
"acmbd.[conf/vldb/RusinkiewiczKTWM95]";"acmbd2.[97wRWOpnANkJ]";"0.0";"";""
"acmbd.[conf/vldb/RusinkiewiczKTWM95]";"acmbd2.[xSv97kdDZU8J]";"0.050000011920928955";"";""
"acmbd.[conf/vldb/RusinkiewiczKTWM95]";"acmbd2.[vj0-A5RoktIJ]";"0.0";"";""
"acmbd.[conf/vldb/RusinkiewiczKTWM95]";"acmbd2.[6TKMB5gO9EoJ]";"0.0";"";""
"acmbd.[conf/vldb/RusinkiewiczKTWM95]";"acmbd2.[im0SIHX8SOcJ]";"0.10000002384185791";"";""
"acmbd.[conf/vldb/RusinkiewiczKTWM95]";"acmbd2.[izK60fJMujQJ]";"0.0";"";""
"acmbd.[conf/vldb/RusinkiewiczKTWM95]";"acmbd2.[UPWEn_-Pd-sJ]";"0.0";"";""
"acmbd.[conf/vldb/RusinkiewiczKTWM95]";"acmbd2.[lDTPyBMtHVwJ]";"0.029411792755126953";"";""
"acmbd.[conf/vldb/RusinkiewiczKTWM95]";"acmbd2.[173qcCip5coJ]";"0.06779658794403076";"";""
"acmbd.[conf/vldb/RusinkiewiczKTWM95]";"acmbd2.[I3mRuMui5o0J]";"0.0";"";""
"acmbd.[conf/vldb/RusinkiewiczKTWM95]";"acmbd2.[0GT_dHqK5roJ]";"0.0";"";""
"acmbd.[conf/vldb/RusinkiewiczKTWM95]";"acmbd2.[6wr9qvjWwy4J]";"0.04347825050354004";"";""
"acmbd.[conf/vldb/RusinkiewiczKTWM95]";"acmbd2.[yNwfL9rufUIJ]";"0.0";"";""
"acmbd.[conf/vldb/RusinkiewiczKTWM95]";"acmbd2.[k9_rZiB4rKoJ]";"0.0";"";""
"acmbd.[conf/vldb/RusinkiewiczKTWM95]";"acmbd2.[QOmFqwrnSvgJ]";"0.0";"";""
"acmbd.[conf/vldb/RusinkiewiczKTWM95]";"acmbd2.[0BIwb8RT4OMJ]";"0.0";"";""
"acmbd.[conf/vldb/RusinkiewiczKTWM95]";"acmbd2.[XLslbG3-JYcJ]";"0.0";"";""
"acmbd.[conf/vldb/RusinkiewiczKTWM95]";"acmbd2.[v-6ClxSz9doJ]";"0.027777791023254395";"";""
"acmbd.[conf/vldb/RusinkiewiczKTWM95]";"acmbd2.[hM920cBVn1wJ]";"0.0";"";""
"acmbd.[conf/vldb/RusinkiewiczKTWM95]";"acmbd2.[0HMk-YUh4i8J]";"0.07142859697341919";"";""
"acmbd.[conf/vldb/RusinkiewiczKTWM95]";"acmbd2.[rgzK3sG-rnQJ]";"0.0";"";""
"acmbd.[conf/vldb/RusinkiewiczKTWM95]";"acmbd2.[r3sCE4vukG0J]";"0.0";"";""
"acmbd.[conf/vldb/RusinkiewiczKTWM95]";"acmbd2.[7B7KCnJu4j8J]";"0.0";"";""
"acmbd.[conf/vldb/RusinkiewiczKTWM95]";"acmbd2.[wGTOB7ImnLYJ]";"0.0";"";""
"acmbd.[conf/vldb/RusinkiewiczKTWM95]";"acmbd2.[d2QifUxZ3zQJ]";"0.0";"";""
"acmbd.[conf/vldb/RusinkiewiczKTWM95]";"acmbd2.[pvUeHhayZ88J]";"0.0";"";""
"acmbd.[conf/vldb/RusinkiewiczKTWM95]";"acmbd2.[pG9TXzucQzcJ]";"0.0";"";""
"acmbd.[conf/vldb/RusinkiewiczKTWM95]";"acmbd2.[fOH6aNSDFXkJ]";"0.0";"";""
"acmbd.[conf/vldb/RusinkiewiczKTWM95]";"acmbd2.[url:http://portal.acm.org/citation.cfm%3Fid%3D110307.110302]";"0.0";"";""
"acmbd.[conf/vldb/RusinkiewiczKTWM95]";"acmbd2.[_-p7FOuTcEIJ]";"0.06666666269302368";"";""
"acmbd.[conf/vldb/RusinkiewiczKTWM95]";"acmbd2.[ZpOG6KM-mgoJ]";"0.03225809335708618";"";""
"acmbd.[conf/vldb/RusinkiewiczKTWM95]";"acmbd2.[x28I9Elj9KIJ]";"0.013157904148101807";"";""
"acmbd.[conf/vldb/RusinkiewiczKTWM95]";"acmbd2.[K_qOxjIJWpQJ]";"0.019230782985687256";"";""
"acmbd.[conf/vldb/RusinkiewiczKTWM95]";"acmbd2.[l8WNeX0WeSAJ]";"0.25";"";""
"acmbd.[conf/vldb/RusinkiewiczKTWM95]";"acmbd2.[PL5DRujtg88J]";"0.25";"";""
"acmbd.[conf/vldb/RusinkiewiczKTWM95]";"acmbd2.[ejmFgnEkip8J]";"0.0";"";""
"acmbd.[conf/vldb/RusinkiewiczKTWM95]";"acmbd2.[AELK1VrNZ40J]";"0.0";"";""
"acmbd.[conf/vldb/RusinkiewiczKTWM95]";"acmbd2.[2KtUhuZ4z6QJ]";"0.0";"";""
"acmbd.[conf/vldb/RusinkiewiczKTWM95]";"acmbd2.[HTf9AkxlLV8J]";"0.022727251052856445";"";""
"acmbd.[conf/vldb/RusinkiewiczKTWM95]";"acmbd2.[OhxtDo0PX1cJ]";"0.0";"";""
"acmbd.[conf/vldb/RusinkiewiczKTWM95]";"acmbd2.[OYUlnDgBsHgJ]";"0.0";"";""
"acmbd.[conf/vldb/RusinkiewiczKTWM95]";"acmbd2.[RZ1wfgINGFoJ]";"0.0";"";""
"acmbd.[conf/vldb/RusinkiewiczKTWM95]";"acmbd2.[78PlrdpBT8sJ]";"0.014705896377563477";"";""
"acmbd.[conf/vldb/RusinkiewiczKTWM95]";"acmbd2.[oc6SJkjsQH8J]";"0.015625";"";""
"acmbd.[conf/vldb/RusinkiewiczKTWM95]";"acmbd2.[jGMegWjZY4gJ]";"0.037037014961242676";"";""
"acmbd.[conf/vldb/RusinkiewiczKTWM95]";"acmbd2.[vuuzUzVRnTsJ]";"0.024390220642089844";"";""
"acmbd.[conf/vldb/RusinkiewiczKTWM95]";"acmbd2.[r7Nwb5Ja0V4J]";"0.016129016876220703";"";""
"acmbd.[conf/vldb/RusinkiewiczKTWM95]";"acmbd2.[qSmbg2Pmas0J]";"0.0";"";""
"acmbd.[conf/vldb/RusinkiewiczKTWM95]";"acmbd2.[nN73C1WoRB8J]";"0.0";"";""
"acmbd.[conf/vldb/RusinkiewiczKTWM95]";"acmbd2.[ni6q3Ow1X1AJ]";"0.03571426868438721";"";""
"acmbd.[conf/vldb/RusinkiewiczKTWM95]";"acmbd2.[HGo-3LYtAooJ]";"0.024390220642089844";"";""
"acmbd.[conf/vldb/RusinkiewiczKTWM95]";"acmbd2.[tGNFoB_K6WwJ]";"0.0";"";""
"acmbd.[conf/vldb/RusinkiewiczKTWM95]";"acmbd2.[Ei9esmN5czwJ]";"0.04444444179534912";"";""
"acmbd.[conf/vldb/RusinkiewiczKTWM95]";"acmbd2.[url:http://www.csa.com/partners/viewrecord.php%3Frequester%3Dgs%26collection%3DTRD%26recid%3D2147016CI]";"0.13333332538604736";"";""
"acmbd.[conf/vldb/RusinkiewiczKTWM95]";"acmbd2.[uWeDXtelPrMJ]";"0.0";"";""
"acmbd.[conf/vldb/RusinkiewiczKTWM95]";"acmbd2.[zKnfv086qLYJ]";"0.029411792755126953";"";""
"acmbd.[conf/vldb/RusinkiewiczKTWM95]";"acmbd2.[s_0_4qYX9w0J]";"0.0";"";""
"acmbd.[conf/vldb/RusinkiewiczKTWM95]";"acmbd2.[ctG34FDMmUoJ]";"0.0";"";""
"acmbd.[conf/vldb/RusinkiewiczKTWM95]";"acmbd2.[XCdKCLPJ9gkJ]";"0.10000002384185791";"";""
"acmbd.[conf/vldb/RusinkiewiczKTWM95]";"acmbd2.[bA8eKd7mQVgJ]";"0.0";"";""
"acmbd.[conf/vldb/RusinkiewiczKTWM95]";"acmbd2.[EeTtbmdFG94J]";"0.0";"";""
"acmbd.[conf/vldb/RusinkiewiczKTWM95]";"acmbd2.[8HeCBYmbIQ0J]";"0.0";"";""
"acmbd.[conf/vldb/RusinkiewiczKTWM95]";"acmbd2.[TL5mfdKmYeUJ]";"0.018867909908294678";"";""
"acmbd.[conf/vldb/RusinkiewiczKTWM95]";"acmbd2.[AKJwRjF08K0J]";"0.0";"";""
"acmbd.[conf/vldb/RusinkiewiczKTWM95]";"acmbd2.[tjou0W77VQ4J]";"0.0";"";""
"acmbd.[conf/vldb/RusinkiewiczKTWM95]";"acmbd2.[pVzuVkEC4jwJ]";"0.0";"";""
"acmbd.[conf/vldb/RusinkiewiczKTWM95]";"acmbd2.[apuTfXq8rR0J]";"0.0";"";""
"acmbd.[conf/vldb/RusinkiewiczKTWM95]";"acmbd2.[EsKG9q0qKyAJ]";"0.0";"";""
"acmbd.[conf/vldb/RusinkiewiczKTWM95]";"acmbd2.[Hftb0dapCC4J]";"0.019607841968536377";"";""
"acmbd.[conf/vldb/RusinkiewiczKTWM95]";"acmbd2.[QzjeEU1-zX8J]";"0.0";"";""
"acmbd.[conf/vldb/RusinkiewiczKTWM95]";"acmbd2.[PqcIPSRQCWMJ]";"0.25";"";""
"acmbd.[conf/vldb/RusinkiewiczKTWM95]";"acmbd2.[p6PzqUPVOFMJ]";"0.0";"";""
"acmbd.[conf/vldb/RusinkiewiczKTWM95]";"acmbd2.[qEEE1vE37TQJ]";"0.0";"";""
"acmbd.[conf/vldb/RusinkiewiczKTWM95]";"acmbd2.[url:http://www.csa.com/partners/viewrecord.php%3Frequester%3Dgs%26collection%3DTRD%26recid%3DN7626882AH]";"0.800000011920929";"";""
"acmbd.[conf/vldb/RusinkiewiczKTWM95]";"acmbd2.[5KE8pei0YGYJ]";"0.0";"";""
"acmbd.[conf/vldb/RusinkiewiczKTWM95]";"acmbd2.[AeC4rMZEHpUJ]";"0.0";"";""
"acmbd.[conf/vldb/RusinkiewiczKTWM95]";"acmbd2.[YrHcYfNlU_kJ]";"0.014285743236541748";"";""
"acmbd.[conf/vldb/RusinkiewiczKTWM95]";"acmbd2.[97VsqVpS6BgJ]";"0.0";"";""
"acmbd.[conf/vldb/RusinkiewiczKTWM95]";"acmbd2.[V95A5wSijwMJ]";"0.0";"";""
"acmbd.[conf/vldb/RusinkiewiczKTWM95]";"acmbd2.[RCLVo9hzbY8J]";"0.0";"";""
"acmbd.[conf/vldb/RusinkiewiczKTWM95]";"acmbd2.[G4Ry1kNYqJwJ]";"0.0";"";""
"acmbd.[conf/vldb/RusinkiewiczKTWM95]";"acmbd2.[53H7hIhiY_oJ]";"0.016129016876220703";"";""
"acmbd.[conf/vldb/RusinkiewiczKTWM95]";"acmbd2.[JVtIV8YSaaYJ]";"0.0";"";""
"acmbd.[conf/vldb/RusinkiewiczKTWM95]";"acmbd2.[GEpXbBgtUp8J]";"0.026315808296203613";"";""
"acmbd.[conf/vldb/RusinkiewiczKTWM95]";"acmbd2.[IDBPFmg04zMJ]";"0.0";"";""
"acmbd.[conf/vldb/RusinkiewiczKTWM95]";"acmbd2.[8uZb1iH-RoYJ]";"0.06666666269302368";"";""
"acmbd.[conf/vldb/RusinkiewiczKTWM95]";"acmbd2.[cYBLn4lzawcJ]";"0.024390220642089844";"";""
"acmbd.[conf/vldb/RusinkiewiczKTWM95]";"acmbd2.[CcCoxyn-TjEJ]";"0.0";"";""
"acmbd.[conf/vldb/RusinkiewiczKTWM95]";"acmbd2.[eVmosockte4J]";"0.0";"";""
"acmbd.[conf/vldb/RusinkiewiczKTWM95]";"acmbd2.[Pwzqj15AEKgJ]";"0.0";"";""
"acmbd.[conf/vldb/RusinkiewiczKTWM95]";"acmbd2.[KIjV9lwn70EJ]";"0.13793104887008667";"";""
"acmbd.[conf/vldb/RusinkiewiczKTWM95]";"acmbd2.[LU7BfMnARgYJ]";"0.019230782985687256";"";""
"acmbd.[conf/vldb/RusinkiewiczKTWM95]";"acmbd2.[M7up_B3A8YgJ]";"0.0";"";""
"acmbd.[conf/vldb/RusinkiewiczKTWM95]";"acmbd2.[gLLjcrLSddsJ]";"0.0";"";""
"acmbd.[conf/vldb/RusinkiewiczKTWM95]";"acmbd2.[kI-Hiv-7NZsJ]";"0.0";"";""
"acmbd.[conf/vldb/RusinkiewiczKTWM95]";"acmbd2.[izDXhqRW9AYJ]";"0.02222222089767456";"";""
"acmbd.[conf/vldb/RusinkiewiczKTWM95]";"acmbd2.[j2gOIcgWxb4J]";"0.0158730149269104";"";""
"acmbd.[conf/vldb/RusinkiewiczKTWM95]";"acmbd2.[eFF15B-MYzoJ]";"0.0";"";""
"acmbd.[conf/vldb/RusinkiewiczKTWM95]";"acmbd2.[AVGTDRLrxUkJ]";"0.0";"";""
"acmbd.[conf/vldb/RusinkiewiczKTWM95]";"acmbd2.[6kZN4cd0zWAJ]";"0.027777791023254395";"";""
"acmbd.[conf/vldb/RusinkiewiczKTWM95]";"acmbd2.[Ln_zzsWBNosJ]";"0.0";"";""
"acmbd.[conf/vldb/RusinkiewiczKTWM95]";"acmbd2.[BKUtItHoTX8J]";"0.027027010917663574";"";""
"acmbd.[conf/vldb/RusinkiewiczKTWM95]";"acmbd2.[9lEXpgZ6K5QJ]";"0.017241358757019043";"";""
"acmbd.[conf/vldb/RusinkiewiczKTWM95]";"acmbd2.[HBTKLk8SRrAJ]";"0.0";"";""
"acmbd.[conf/vldb/RusinkiewiczKTWM95]";"acmbd2.[url:http://www.csa.com/partners/viewrecord.php%3Frequester%3Dgs%26collection%3DTRD%26recid%3DA8622976AH]";"0.0";"";""
"acmbd.[conf/vldb/RusinkiewiczKTWM95]";"acmbd2.[kXnVNkLTpfQJ]";"0.0";"";""
"acmbd.[conf/vldb/RusinkiewiczKTWM95]";"acmbd2.[url:http://www.springerlink.com/index/XV80363546U051U2.pdf]";"0.0";"";""
"acmbd.[conf/vldb/RusinkiewiczKTWM95]";"acmbd2.[BPdmg5Ipu9kJ]";"0.25";"";""
"acmbd.[conf/vldb/RusinkiewiczKTWM95]";"acmbd2.[5wiLuVdexv0J]";"0.02325582504272461";"";""
"acmbd.[conf/vldb/RusinkiewiczKTWM95]";"acmbd2.[Yvpk-M9_u-AJ]";"0.037037014961242676";"";""
"acmbd.[conf/vldb/RusinkiewiczKTWM95]";"acmbd2.[HvWZ2rxAO5UJ]";"0.016666650772094727";"";""
"acmbd.[conf/vldb/RusinkiewiczKTWM95]";"acmbd2.[YAkpVC1qgaIJ]";"0.01449275016784668";"";""
"acmbd.[conf/vldb/RusinkiewiczKTWM95]";"acmbd2.[3uMQgG34ohYJ]";"0.0";"";""
"acmbd.[conf/vldb/RusinkiewiczKTWM95]";"acmbd2.[aHyAwwaO2roJ]";"0.0";"";""
"acmbd.[conf/vldb/RusinkiewiczKTWM95]";"acmbd2.[BeJLx2x8BZkJ]";"0.04444444179534912";"";""
"acmbd.[conf/vldb/RusinkiewiczKTWM95]";"acmbd2.[k2LFZSt_NcoJ]";"0.014925360679626465";"";""
"acmbd.[conf/vldb/RusinkiewiczKTWM95]";"acmbd2.[bmsONqxQp80J]";"0.024390220642089844";"";""
"acmbd.[conf/vldb/RusinkiewiczKTWM95]";"acmbd2.[BKvmjX7abn0J]";"0.0";"";""
"acmbd.[conf/vldb/RusinkiewiczKTWM95]";"acmbd2.[4EzsmZ6_1g0J]";"0.02222222089767456";"";""
"acmbd.[conf/vldb/RusinkiewiczKTWM95]";"acmbd2.[uUFs74KwOnAJ]";"0.0";"";""
"acmbd.[conf/vldb/RusinkiewiczKTWM95]";"acmbd2.[MDr5xBsWWWoJ]";"0.0";"";""
"acmbd.[conf/vldb/RusinkiewiczKTWM95]";"acmbd2.[IHGqccRqSQkJ]";"0.0";"";""
"acmbd.[conf/vldb/RusinkiewiczKTWM95]";"acmbd2.[i3SXq8EbKDYJ]";"0.0";"";""
"acmbd.[conf/vldb/RusinkiewiczKTWM95]";"acmbd2.[UC4EaQQMXU0J]";"0.0";"";""
"acmbd.[conf/vldb/RusinkiewiczKTWM95]";"acmbd2.[url:http://portal.acm.org/ft_gateway.cfm%3Fid%3D1101204%26type%3Dpdf]";"0.0";"";""
"acmbd.[conf/vldb/RusinkiewiczKTWM95]";"acmbd2.[CUC4O67UnuYJ]";"0.0";"";""
"acmbd.[conf/vldb/RusinkiewiczKTWM95]";"acmbd2.[pAhGk5H9_4kJ]";"0.0";"";""
"acmbd.[conf/vldb/RusinkiewiczKTWM95]";"acmbd2.[y81qtjGBUykJ]";"0.0";"";""
"acmbd.[conf/vldb/RusinkiewiczKTWM95]";"acmbd2.[Mqg5svJwsCoJ]";"0.015625";"";""
"acmbd.[conf/vldb/RusinkiewiczKTWM95]";"acmbd2.[ANV3iCMnGQYJ]";"0.024390220642089844";"";""
"acmbd.[conf/vldb/RusinkiewiczKTWM95]";"acmbd2.[gUDVTijP9PcJ]";"0.0";"";""
"acmbd.[conf/vldb/RusinkiewiczKTWM95]";"acmbd2.[HyP3ZqESqhoJ]";"0.0";"";""
"acmbd.[conf/vldb/RusinkiewiczKTWM95]";"acmbd2.[uGckiXpZzZIJ]";"0.06666666269302368";"";""
"acmbd.[conf/vldb/RusinkiewiczKTWM95]";"acmbd2.[xG3ZAYDt_HcJ]";"0.0";"";""
"acmbd.[conf/vldb/RusinkiewiczKTWM95]";"acmbd2.[pScXi8veb-oJ]";"0.0";"";""
"acmbd.[conf/vldb/RusinkiewiczKTWM95]";"acmbd2.[NX7DdvxAtogJ]";"0.0";"";""
"acmbd.[conf/vldb/RusinkiewiczKTWM95]";"acmbd2.[qPDh4xVUMbwJ]";"0.0";"";""
"acmbd.[conf/vldb/RusinkiewiczKTWM95]";"acmbd2.[42whesD5Rl8J]";"0.14814811944961548";"";""
"acmbd.[conf/vldb/RusinkiewiczKTWM95]";"acmbd2.[2HQ1HEki1_4J]";"0.04444444179534912";"";""
"acmbd.[conf/vldb/RusinkiewiczKTWM95]";"acmbd2.[Nm4mm1zJfj8J]";"0.0";"";""
"acmbd.[conf/vldb/RusinkiewiczKTWM95]";"acmbd2.[url:http://www.springerlink.com/index/G17323245151166V.pdf]";"0.0";"";""
"acmbd.[conf/vldb/RusinkiewiczKTWM95]";"acmbd2.[K6Zu6bla8GgJ]";"0.0";"";""
"acmbd.[conf/vldb/RusinkiewiczKTWM95]";"acmbd2.[hxQ_qO69Y1cJ]";"0.0";"";""
"acmbd.[conf/vldb/RusinkiewiczKTWM95]";"acmbd2.[n9_CfMTousYJ]";"0.0";"";""
"acmbd.[conf/vldb/RusinkiewiczKTWM95]";"acmbd2.[awu_PrmgYnUJ]";"0.0";"";""
"acmbd.[conf/vldb/RusinkiewiczKTWM95]";"acmbd2.[bGadjxyzDHAJ]";"0.0";"";""
"acmbd.[conf/vldb/RusinkiewiczKTWM95]";"acmbd2.[J2Y-Zn-aC5YJ]";"0.014705896377563477";"";""
"acmbd.[conf/vldb/RusinkiewiczKTWM95]";"acmbd2.[K-Z4In4KMTQJ]";"0.0";"";""
"acmbd.[conf/vldb/RusinkiewiczKTWM95]";"acmbd2.[TVp1tqpYTDkJ]";"0.0";"";""
"acmbd.[conf/vldb/RusinkiewiczKTWM95]";"acmbd2.[w1CLOhbJhDsJ]";"0.0";"";""
"acmbd.[conf/vldb/RusinkiewiczKTWM95]";"acmbd2.[mvFxtMmgRAgJ]";"0.25";"";""
"acmbd.[conf/vldb/RusinkiewiczKTWM95]";"acmbd2.[isW9Z4PIs0YJ]";"0.06666666269302368";"";""
"acmbd.[conf/vldb/RusinkiewiczKTWM95]";"acmbd2.[Qn_jWGPNOo4J]";"0.0";"";""
"acmbd.[conf/vldb/RusinkiewiczKTWM95]";"acmbd2.[OOZb-r3GUTMJ]";"0.0";"";""
"acmbd.[conf/vldb/RusinkiewiczKTWM95]";"acmbd2.[JeTFKz0CmxEJ]";"0.027777791023254395";"";""
"acmbd.[conf/vldb/RusinkiewiczKTWM95]";"acmbd2.[JyTArxFIMecJ]";"0.0";"";""
"acmbd.[conf/vldb/RusinkiewiczKTWM95]";"acmbd2.[EqF1i1bl7GIJ]";"0.014285743236541748";"";""
"acmbd.[conf/vldb/RusinkiewiczKTWM95]";"acmbd2.[mKIHMKxtxBQJ]";"0.029411792755126953";"";""
"acmbd.[conf/vldb/RusinkiewiczKTWM95]";"acmbd2.[dr0I1_OTjdgJ]";"0.0";"";""
"acmbd.[conf/vldb/RusinkiewiczKTWM95]";"acmbd2.[8K19hGoG2K8J]";"0.0";"";""
"acmbd.[conf/vldb/RusinkiewiczKTWM95]";"acmbd2.[url:http://portal.acm.org/ft_gateway.cfm%3Fid%3D310071%26type%3Dpdf%26dl%3DGUIDE%26dl%3DACM%26CFID%3D11111111%26CFTOKEN%3D2222222]";"0.07142859697341919";"";""
"acmbd.[conf/vldb/RusinkiewiczKTWM95]";"acmbd2.[JRhHVF7f7rwJ]";"0.0";"";""
"acmbd.[conf/vldb/RusinkiewiczKTWM95]";"acmbd2.[yPeKQ2D1dRgJ]";"0.0";"";""
"acmbd.[conf/vldb/RusinkiewiczKTWM95]";"acmbd2.[95QbEi1e_rAJ]";"0.0";"";""
"acmbd.[conf/vldb/RusinkiewiczKTWM95]";"acmbd2.[FhpFMAc1rzYJ]";"0.0";"";""
"acmbd.[conf/vldb/RusinkiewiczKTWM95]";"acmbd2.[CJ3wL4FeuvMJ]";"0.059701502323150635";"";""
"acmbd.[conf/vldb/RusinkiewiczKTWM95]";"acmbd2.[QfR8jZOQI6QJ]";"0.02325582504272461";"";""
"acmbd.[conf/vldb/RusinkiewiczKTWM95]";"acmbd2.[2ACfLS1IpwQJ]";"0.01538461446762085";"";""
"acmbd.[conf/vldb/RusinkiewiczKTWM95]";"acmbd2.[npG51orAPBkJ]";"0.0";"";""
"acmbd.[conf/vldb/RusinkiewiczKTWM95]";"acmbd2.[KrVgTXcNPPUJ]";"0.030303001403808594";"";""
"acmbd.[conf/vldb/RusinkiewiczKTWM95]";"acmbd2.[_R8P8Xq2z-AJ]";"0.0";"";""
"acmbd.[conf/vldb/RusinkiewiczKTWM95]";"acmbd2.[RYmtnzRENusJ]";"0.0";"";""
"acmbd.[conf/vldb/RusinkiewiczKTWM95]";"acmbd2.[gRCVf_OAkXwJ]";"0.015625";"";""
"acmbd.[conf/vldb/RusinkiewiczKTWM95]";"acmbd2.[QPpUo7m3A7cJ]";"0.0";"";""
"acmbd.[conf/vldb/RusinkiewiczKTWM95]";"acmbd2.[syoqNSarAscJ]";"0.0";"";""
"acmbd.[conf/vldb/RusinkiewiczKTWM95]";"acmbd2.[7K21pBTcNp0J]";"0.024390220642089844";"";""
"acmbd.[conf/vldb/RusinkiewiczKTWM95]";"acmbd2.[Gk7-d_NfqMEJ]";"0.01754385232925415";"";""
"acmbd.[conf/vldb/RusinkiewiczKTWM95]";"acmbd2.[Rdp2Y3zxvYwJ]";"0.0";"";""
"acmbd.[conf/vldb/RusinkiewiczKTWM95]";"acmbd2.[EtRstiL1C-QJ]";"0.0";"";""
"acmbd.[conf/vldb/RusinkiewiczKTWM95]";"acmbd2.[JEY4MNdwsggJ]";"0.0";"";""
"acmbd.[conf/vldb/RusinkiewiczKTWM95]";"acmbd2.[JwVaYwgPqNUJ]";"0.0";"";""
"acmbd.[conf/vldb/RusinkiewiczKTWM95]";"acmbd2.[aUM8wzJhDDgJ]";"0.0";"";""
"acmbd.[conf/vldb/RusinkiewiczKTWM95]";"acmbd2.[FHKbOnShy9EJ]";"0.0";"";""
"acmbd.[conf/vldb/RusinkiewiczKTWM95]";"acmbd2.[6aXSCUggjKoJ]";"0.0";"";""
"acmbd.[conf/vldb/RusinkiewiczKTWM95]";"acmbd2.[d3jIzcfceEUJ]";"0.0";"";""
"acmbd.[conf/vldb/RusinkiewiczKTWM95]";"acmbd2.[url:http://portal.acm.org/ft_gateway.cfm%3Fid%3D507366%26type%3Dpdf%26dl%3DGUIDE%26dl%3DACM%26CFID%3D11111111%26CFTOKEN%3D2222222]";"0.07142859697341919";"";""
"acmbd.[conf/vldb/RusinkiewiczKTWM95]";"acmbd2.[cmjuHR6u_OUJ]";"0.014285743236541748";"";""
"acmbd.[conf/vldb/RusinkiewiczKTWM95]";"acmbd2.[u6SUM1C_ocwJ]";"0.0";"";""
"acmbd.[conf/vldb/RusinkiewiczKTWM95]";"acmbd2.[ueabVMDVnf4J]";"0.0";"";""
"acmbd.[conf/vldb/RusinkiewiczKTWM95]";"acmbd2.[9F4uvDaInLAJ]";"0.0";"";""
"acmbd.[conf/vldb/RusinkiewiczKTWM95]";"acmbd2.[drh9KspqNUwJ]";"0.0";"";""
"acmbd.[conf/vldb/RusinkiewiczKTWM95]";"acmbd2.[cLB3SRIVqUMJ]";"0.25";"";""
"acmbd.[conf/vldb/RusinkiewiczKTWM95]";"acmbd2.[-2Eto4ZQjpoJ]";"0.025641024112701416";"";""
"acmbd.[conf/vldb/RusinkiewiczKTWM95]";"acmbd2.[T4yqFWvJWkwJ]";"0.0";"";""
"acmbd.[conf/vldb/RusinkiewiczKTWM95]";"acmbd2.[1QeuNAkihQ4J]";"0.0";"";""
"acmbd.[conf/vldb/RusinkiewiczKTWM95]";"acmbd2.[HzuepAJPfCMJ]";"0.0";"";""
"acmbd.[conf/vldb/RusinkiewiczKTWM95]";"acmbd2.[zN8ngmWNDlgJ]";"0.0";"";""
"acmbd.[conf/vldb/RusinkiewiczKTWM95]";"acmbd2.[ttr0t1Yr0u4J]";"0.0";"";""
"acmbd.[conf/vldb/RusinkiewiczKTWM95]";"acmbd2.[dAR5F1GMKwIJ]";"0.0";"";""
"acmbd.[conf/vldb/RusinkiewiczKTWM95]";"acmbd2.[EUj67_3E0D0J]";"0.0";"";""
"acmbd.[conf/vldb/RusinkiewiczKTWM95]";"acmbd2.[ntdj8NeKyI4J]";"0.0";"";""
"acmbd.[conf/vldb/RusinkiewiczKTWM95]";"acmbd2.[j3iZLktsE0IJ]";"0.0";"";""
"acmbd.[conf/vldb/RusinkiewiczKTWM95]";"acmbd2.[VqZAqakocVEJ]";"0.0";"";""
"acmbd.[conf/vldb/RusinkiewiczKTWM95]";"acmbd2.[z0OXMVQB5pIJ]";"0.04444444179534912";"";""
"acmbd.[conf/vldb/RusinkiewiczKTWM95]";"acmbd2.[HX8P7Bn5TvsJ]";"0.0";"";""
"acmbd.[conf/vldb/RusinkiewiczKTWM95]";"acmbd2.[0grY-Lst84sJ]";"0.0";"";""
"acmbd.[conf/vldb/RusinkiewiczKTWM95]";"acmbd2.[vE4M6atFR5gJ]";"0.0";"";""
"acmbd.[conf/vldb/RusinkiewiczKTWM95]";"acmbd2.[mjXz-bYKbTwJ]";"0.0";"";""
"acmbd.[conf/vldb/RusinkiewiczKTWM95]";"acmbd2.[zz3uOU7rykEJ]";"0.050000011920928955";"";""
"acmbd.[conf/vldb/RusinkiewiczKTWM95]";"acmbd2.[Xul-tMyACGkJ]";"0.0";"";""
"acmbd.[conf/vldb/RusinkiewiczKTWM95]";"acmbd2.[LNBSpjVFVGMJ]";"0.0";"";""
"acmbd.[conf/vldb/RusinkiewiczKTWM95]";"acmbd2.[1KGXvZcb5awJ]";"0.0";"";""
"acmbd.[conf/vldb/RusinkiewiczKTWM95]";"acmbd2.[EXtoza-15lIJ]";"0.10000002384185791";"";""
"acmbd.[conf/vldb/RusinkiewiczKTWM95]";"acmbd2.[W7GdvDU7lMQJ]";"0.0";"";""
"acmbd.[conf/vldb/RusinkiewiczKTWM95]";"acmbd2.[IS6ujL13ktgJ]";"0.0";"";""
"acmbd.[conf/vldb/RusinkiewiczKTWM95]";"acmbd2.[_FiEOAXm3SkJ]";"0.0";"";""
"acmbd.[conf/vldb/RusinkiewiczKTWM95]";"acmbd2.[url:http://adsabs.harvard.edu/abs/1976InfPh..16..125Z]";"0.0";"";""
"acmbd.[conf/vldb/RusinkiewiczKTWM95]";"acmbd2.[AM5WjuL7TzkJ]";"0.019230782985687256";"";""
"acmbd.[conf/vldb/RusinkiewiczKTWM95]";"acmbd2.[092qznpAmYcJ]";"0.0";"";""
"acmbd.[conf/vldb/RusinkiewiczKTWM95]";"acmbd2.[6ZkXlK72UB4J]";"0.037037014961242676";"";""
"acmbd.[conf/vldb/RusinkiewiczKTWM95]";"acmbd2.[url:http://portal.acm.org/citation.cfm%3Fdoid%3D263690.264343]";"0.0";"";""
"acmbd.[conf/vldb/RusinkiewiczKTWM95]";"acmbd2.[ar7Icaf1G8kJ]";"0.0";"";""
"acmbd.[conf/vldb/RusinkiewiczKTWM95]";"acmbd2.[AsiHF3HEpwQJ]";"0.0";"";""
"acmbd.[conf/vldb/RusinkiewiczKTWM95]";"acmbd2.[X2PE6K7uezQJ]";"0.0";"";""
"acmbd.[conf/vldb/RusinkiewiczKTWM95]";"acmbd2.[Wsn2olnrk6MJ]";"0.0";"";""
"acmbd.[conf/vldb/RusinkiewiczKTWM95]";"acmbd2.[0ct3hfJD8WgJ]";"0.0";"";""
"acmbd.[conf/vldb/RusinkiewiczKTWM95]";"acmbd2.[url:http://www.springerlink.com/index/RR8L7KJH03740042.pdf]";"0.0";"";""
"acmbd.[conf/vldb/RusinkiewiczKTWM95]";"acmbd2.[url:http://www.csa.com/partners/viewrecord.php%3Frequester%3Dgs%26collection%3DTRD%26recid%3D20021214033592MT%26recid%3DA7642818AH]";"0.01538461446762085";"";""
"acmbd.[conf/vldb/RusinkiewiczKTWM95]";"acmbd2.[-4mC6Wz-vkQJ]";"0.045454561710357666";"";""
"acmbd.[conf/vldb/RusinkiewiczKTWM95]";"acmbd2.[7Eag6wnw6FkJ]";"0.05263155698776245";"";""
"acmbd.[conf/vldb/RusinkiewiczKTWM95]";"acmbd2.[AiamPPqvsBUJ]";"0.0";"";""
"acmbd.[conf/vldb/RusinkiewiczKTWM95]";"acmbd2.[9lXfDYUgrrYJ]";"0.0";"";""
"acmbd.[conf/vldb/RusinkiewiczKTWM95]";"acmbd2.[1j-tL6DypZYJ]";"0.0";"";""
"acmbd.[conf/vldb/RusinkiewiczKTWM95]";"acmbd2.[XdWK2yxBBrUJ]";"0.037037014961242676";"";""
"acmbd.[conf/vldb/RusinkiewiczKTWM95]";"acmbd2.[bFLIYGZlfsoJ]";"0.014285743236541748";"";""
"acmbd.[conf/vldb/RusinkiewiczKTWM95]";"acmbd2.[z_W8jZ203sUJ]";"0.014285743236541748";"";""
"acmbd.[conf/vldb/RusinkiewiczKTWM95]";"acmbd2.[VjZuZF2XXB4J]";"0.0";"";""
"acmbd.[conf/vldb/RusinkiewiczKTWM95]";"acmbd2.[gt-77ZkB8LoJ]";"0.0";"";""
"acmbd.[conf/vldb/RusinkiewiczKTWM95]";"acmbd2.[AYQDZpFXQjAJ]";"0.0";"";""
"acmbd.[conf/vldb/RusinkiewiczKTWM95]";"acmbd2.[sfUBo7aTIgcJ]";"0.0";"";""
"acmbd.[conf/vldb/RusinkiewiczKTWM95]";"acmbd2.[JvkJdUBUt8kJ]";"0.050000011920928955";"";""
"acmbd.[conf/vldb/RusinkiewiczKTWM95]";"acmbd2.[xnDzZbPyIcMJ]";"0.0";"";""
"acmbd.[conf/vldb/RusinkiewiczKTWM95]";"acmbd2.[yz8u5ihaylAJ]";"0.05555558204650879";"";""
"acmbd.[conf/vldb/RusinkiewiczKTWM95]";"acmbd2.[8pK3snsuLDEJ]";"0.017857134342193604";"";""
"acmbd.[conf/vldb/RusinkiewiczKTWM95]";"acmbd2.[6E6GZGZAtREJ]";"0.024390220642089844";"";""
"acmbd.[conf/vldb/RusinkiewiczKTWM95]";"acmbd2.[0wVMAyv_P5kJ]";"0.0";"";""
"acmbd.[conf/vldb/RusinkiewiczKTWM95]";"acmbd2.[url:http://portal.acm.org/citation.cfm%3Fid%3D30113.30115%26dl%3Dportal%26dl%3DACM%26CFID%3D11111111%26CFTOKEN%3D2222222]";"0.0";"";""
"acmbd.[conf/vldb/RusinkiewiczKTWM95]";"acmbd2.[N0276nr35FgJ]";"0.0";"";""
"acmbd.[conf/vldb/RusinkiewiczKTWM95]";"acmbd2.[E7H04svX7v8J]";"0.800000011920929";"";""
"acmbd.[conf/vldb/RusinkiewiczKTWM95]";"acmbd2.[wOIJEjDFzy4J]";"0.25";"";""
"acmbd.[conf/vldb/RusinkiewiczKTWM95]";"acmbd2.[ButmJWjGXusJ]";"0.800000011920929";"";""
"acmbd.[conf/vldb/RusinkiewiczKTWM95]";"acmbd2.[eI0vrkds9PcJ]";"0.0";"";""
"acmbd.[conf/vldb/RusinkiewiczKTWM95]";"acmbd2.[RD-KmJCXk3wJ]";"0.026315808296203613";"";""
"acmbd.[conf/vldb/RusinkiewiczKTWM95]";"acmbd2.[-n8EMiSO3gsJ]";"0.0";"";""
"acmbd.[conf/vldb/RusinkiewiczKTWM95]";"acmbd2.[p64HqJ4RIQQJ]";"0.07142859697341919";"";""
"acmbd.[conf/vldb/RusinkiewiczKTWM95]";"acmbd2.[AnNzb6Gr7HkJ]";"0.016393423080444336";"";""
"acmbd.[conf/vldb/RusinkiewiczKTWM95]";"acmbd2.[uL-ngYuiUK8J]";"0.0";"";""
"acmbd.[conf/vldb/RusinkiewiczKTWM95]";"acmbd2.[56U_bp4y6JoJ]";"0.0";"";""
"acmbd.[conf/vldb/RusinkiewiczKTWM95]";"acmbd2.[4ii5NtWqhIYJ]";"0.07142859697341919";"";""
"acmbd.[conf/vldb/RusinkiewiczKTWM95]";"acmbd2.[Bn5h0IbqbNwJ]";"0.0";"";""
"acmbd.[conf/vldb/RusinkiewiczKTWM95]";"acmbd2.[bWF9aiAO9egJ]";"0.0";"";""
"acmbd.[conf/vldb/RusinkiewiczKTWM95]";"acmbd2.[x2suKNGm4TAJ]";"0.0";"";""
"acmbd.[conf/vldb/RusinkiewiczKTWM95]";"acmbd2.[9evIHTb1x8sJ]";"0.0";"";""
"acmbd.[conf/vldb/RusinkiewiczKTWM95]";"acmbd2.[Dkd7JqNh-fwJ]";"0.0";"";""
"acmbd.[conf/vldb/RusinkiewiczKTWM95]";"acmbd2.[c2vj3tDFWKEJ]";"0.050000011920928955";"";""
"acmbd.[conf/vldb/RusinkiewiczKTWM95]";"acmbd2.[url:http://adsabs.harvard.edu/abs/1974PhDT........51S]";"0.0";"";""
"acmbd.[conf/vldb/RusinkiewiczKTWM95]";"acmbd2.[DE5dZrbRKqUJ]";"0.0";"";""
"acmbd.[conf/vldb/RusinkiewiczKTWM95]";"acmbd2.[NP13J8S06XYJ]";"0.0";"";""
"acmbd.[conf/vldb/RusinkiewiczKTWM95]";"acmbd2.[XIkChsdw3CoJ]";"0.10526317358016968";"";""
"acmbd.[conf/vldb/RusinkiewiczKTWM95]";"acmbd2.[2rNJHklIq9cJ]";"0.0";"";""
"acmbd.[conf/vldb/RusinkiewiczKTWM95]";"acmbd2.[JoY5e_B55gAJ]";"0.01449275016784668";"";""
"acmbd.[conf/vldb/RusinkiewiczKTWM95]";"acmbd2.[ZrBMwsU4A7QJ]";"0.0";"";""
"acmbd.[conf/vldb/RusinkiewiczKTWM95]";"acmbd2.[01ZRIcnplwoJ]";"0.0";"";""
"acmbd.[conf/vldb/RusinkiewiczKTWM95]";"acmbd2.[-RKzvr8swDEJ]";"0.016129016876220703";"";""
"acmbd.[conf/vldb/RusinkiewiczKTWM95]";"acmbd2.[GcZFuzekOiAJ]";"0.0";"";""
"acmbd.[conf/vldb/RusinkiewiczKTWM95]";"acmbd2.[DiyLLGIcUZQJ]";"0.0";"";""
"acmbd.[conf/vldb/RusinkiewiczKTWM95]";"acmbd2.[dzHPil1BBAcJ]";"0.04000002145767212";"";""
"acmbd.[conf/vldb/RusinkiewiczKTWM95]";"acmbd2.[DBh6rPNazToJ]";"0.0";"";""
"acmbd.[conf/vldb/RusinkiewiczKTWM95]";"acmbd2.[SxkA8bJooH4J]";"0.0";"";""
"acmbd.[conf/vldb/RusinkiewiczKTWM95]";"acmbd2.[QO9uigNY9WgJ]";"0.0";"";""
"acmbd.[conf/vldb/RusinkiewiczKTWM95]";"acmbd2.[CbVuJPvkwf0J]";"0.0";"";""
"acmbd.[conf/vldb/RusinkiewiczKTWM95]";"acmbd2.[hdOQ_vyjDacJ]";"0.0";"";""
"acmbd.[conf/vldb/RusinkiewiczKTWM95]";"acmbd2.[VX6-Plyp9zgJ]";"0.0";"";""
"acmbd.[conf/vldb/RusinkiewiczKTWM95]";"acmbd2.[KzblBZq7NUwJ]";"0.027027010917663574";"";""
"acmbd.[conf/vldb/RusinkiewiczKTWM95]";"acmbd2.[sIUa2f9F91EJ]";"0.0";"";""
"acmbd.[conf/vldb/RusinkiewiczKTWM95]";"acmbd2.[Y0VN0e_bJjsJ]";"0.0";"";""
"acmbd.[conf/vldb/RusinkiewiczKTWM95]";"acmbd2.[hAs6tnivceIJ]";"0.0";"";""
"acmbd.[conf/vldb/RusinkiewiczKTWM95]";"acmbd2.[I-fmtPvluKEJ]";"0.019230782985687256";"";""
"acmbd.[conf/vldb/RusinkiewiczKTWM95]";"acmbd2.[clox1KvD37UJ]";"0.0";"";""
"acmbd.[conf/vldb/RusinkiewiczKTWM95]";"acmbd2.[c2dH5RxNj6kJ]";"0.1428571343421936";"";""
"acmbd.[conf/vldb/RusinkiewiczKTWM95]";"acmbd2.[Jiq89ZNUK5YJ]";"0.01449275016784668";"";""
"acmbd.[conf/vldb/RusinkiewiczKTWM95]";"acmbd2.[0NbPdN8x5a0J]";"0.0";"";""
"acmbd.[conf/vldb/RusinkiewiczKTWM95]";"acmbd2.[wP8mppuWztcJ]";"0.03125";"";""
"acmbd.[conf/vldb/RusinkiewiczKTWM95]";"acmbd2.[dJDL6U89Jt4J]";"0.0";"";""
"acmbd.[conf/vldb/RusinkiewiczKTWM95]";"acmbd2.[tr_rawv-6SMJ]";"0.0";"";""
"acmbd.[conf/vldb/RusinkiewiczKTWM95]";"acmbd2.[kL4JPdyjdakJ]";"0.0";"";""
"acmbd.[conf/vldb/RusinkiewiczKTWM95]";"acmbd2.[La1Bik2hfmEJ]";"0.027777791023254395";"";""
"acmbd.[conf/vldb/RusinkiewiczKTWM95]";"acmbd2.[txo56JDKlAoJ]";"0.03571426868438721";"";""
"acmbd.[conf/vldb/RusinkiewiczKTWM95]";"acmbd2.[ufc3hEkkoN4J]";"0.0";"";""
"acmbd.[conf/vldb/RusinkiewiczKTWM95]";"acmbd2.[9jPrZSfTe2cJ]";"0.019999980926513672";"";""
"acmbd.[conf/vldb/RusinkiewiczKTWM95]";"acmbd2.[FQYijwLbARMJ]";"0.0";"";""
"acmbd.[conf/vldb/RusinkiewiczKTWM95]";"acmbd2.[RvcmFAQHwz0J]";"0.024390220642089844";"";""
"acmbd.[conf/vldb/RusinkiewiczKTWM95]";"acmbd2.[TgMOy2x-o9wJ]";"0.0";"";""
"acmbd.[conf/vldb/RusinkiewiczKTWM95]";"acmbd2.[bD6OhI2EaJAJ]";"0.050000011920928955";"";""
"acmbd.[conf/vldb/RusinkiewiczKTWM95]";"acmbd2.[l8qjgtxFBxsJ]";"0.0";"";""
"acmbd.[conf/vldb/RusinkiewiczKTWM95]";"acmbd2.[fp7YtnQpu9EJ]";"0.0";"";""
"acmbd.[conf/vldb/RusinkiewiczKTWM95]";"acmbd2.[mcW9SmQ_MT4J]";"0.0";"";""
"acmbd.[conf/vldb/RusinkiewiczKTWM95]";"acmbd2.[R_10Vw3cQLkJ]";"0.02898550033569336";"";""
"acmbd.[conf/vldb/RusinkiewiczKTWM95]";"acmbd2.[w2P_uyY3BGAJ]";"0.0";"";""
"acmbd.[conf/vldb/RusinkiewiczKTWM95]";"acmbd2.[-iCmy5Q7-00J]";"0.05555558204650879";"";""
"acmbd.[conf/vldb/RusinkiewiczKTWM95]";"acmbd2.[4_FqG3Zts3IJ]";"0.024390220642089844";"";""
"acmbd.[conf/vldb/RusinkiewiczKTWM95]";"acmbd2.[7gzs66FFgq8J]";"0.4444444179534912";"";""
"acmbd.[conf/vldb/RusinkiewiczKTWM95]";"acmbd2.[-KlYy6YZRcgJ]";"0.016666650772094727";"";""
"acmbd.[conf/vldb/RusinkiewiczKTWM95]";"acmbd2.[LEwjvFVyy98J]";"0.0";"";""
"acmbd.[conf/vldb/RusinkiewiczKTWM95]";"acmbd2.[wQ-OnGPsrdMJ]";"0.0";"";""
"acmbd.[conf/vldb/RusinkiewiczKTWM95]";"acmbd2.[08QDvcElXwwJ]";"0.0";"";""
"acmbd.[conf/vldb/RusinkiewiczKTWM95]";"acmbd2.[iP1kEDZuPYYJ]";"0.0";"";""
"acmbd.[conf/vldb/RusinkiewiczKTWM95]";"acmbd2.[laSbNcPJmpYJ]";"0.0";"";""
"acmbd.[conf/vldb/RusinkiewiczKTWM95]";"acmbd2.[tE4HOURugXsJ]";"0.0";"";""
"acmbd.[conf/vldb/RusinkiewiczKTWM95]";"acmbd2.[VOmRS1IYLHQJ]";"0.016129016876220703";"";""
"acmbd.[conf/vldb/RusinkiewiczKTWM95]";"acmbd2.[G_hKspVqerEJ]";"0.0";"";""
"acmbd.[conf/vldb/RusinkiewiczKTWM95]";"acmbd2.[Ire7Kl3ccqcJ]";"0.0";"";""
"acmbd.[conf/vldb/RusinkiewiczKTWM95]";"acmbd2.[Uai7mRS_HQwJ]";"0.015625";"";""
"acmbd.[conf/vldb/RusinkiewiczKTWM95]";"acmbd2.[ACZMgM5isxsJ]";"0.0";"";""
"acmbd.[conf/vldb/RusinkiewiczKTWM95]";"acmbd2.[r_eB2_BftqoJ]";"0.0";"";""
"acmbd.[conf/vldb/RusinkiewiczKTWM95]";"acmbd2.[nBfuG9VgfqAJ]";"0.0";"";""
"acmbd.[conf/vldb/RusinkiewiczKTWM95]";"acmbd2.[aqoOpQNKdRAJ]";"0.0";"";""
"acmbd.[conf/vldb/RusinkiewiczKTWM95]";"acmbd2.[url:http://www.springerlink.com/index/T3P88243322727MJ.pdf]";"0.0";"";""
"acmbd.[conf/vldb/RusinkiewiczKTWM95]";"acmbd2.[url:http://ieeexplore.ieee.org/iel1/2206/1846/00050604.pdf%3Farnumber%3D50604]";"0.0";"";""
"acmbd.[conf/vldb/RusinkiewiczKTWM95]";"acmbd2.[1-x1p8NTsSAJ]";"0.03333336114883423";"";""
"acmbd.[conf/vldb/RusinkiewiczKTWM95]";"acmbd2.[uIAJ9bt1wukJ]";"0.0";"";""
"acmbd.[conf/vldb/RusinkiewiczKTWM95]";"acmbd2.[WX6cD9G_ejgJ]";"0.04444444179534912";"";""
"acmbd.[conf/vldb/RusinkiewiczKTWM95]";"acmbd2.[qU_IX5KFwIoJ]";"0.0";"";""
"acmbd.[conf/vldb/RusinkiewiczKTWM95]";"acmbd2.[o7oUFmpw9DwJ]";"0.0";"";""
"acmbd.[conf/vldb/RusinkiewiczKTWM95]";"acmbd2.[G8iDRkwfaqQJ]";"0.0";"";""
"acmbd.[conf/vldb/RusinkiewiczKTWM95]";"acmbd2.[mrxAHi3pQgAJ]";"0.0";"";""
"acmbd.[conf/vldb/RusinkiewiczKTWM95]";"acmbd2.[a41k5lrQfTwJ]";"0.024390220642089844";"";""
"acmbd.[conf/vldb/RusinkiewiczKTWM95]";"acmbd2.[IX9hkgZu-NQJ]";"0.0";"";""
"acmbd.[conf/vldb/RusinkiewiczKTWM95]";"acmbd2.[WR9G-Gkj1UUJ]";"0.0";"";""
"acmbd.[conf/vldb/RusinkiewiczKTWM95]";"acmbd2.[pGtQZ6ASwRYJ]";"0.0";"";""
"acmbd.[conf/vldb/RusinkiewiczKTWM95]";"acmbd2.[KYVjPQWh2p8J]";"0.0";"";""
"acmbd.[conf/vldb/RusinkiewiczKTWM95]";"acmbd2.[5ddV_KksyeYJ]";"0.0";"";""
"acmbd.[conf/vldb/RusinkiewiczKTWM95]";"acmbd2.[xl9Mz-YyR-wJ]";"0.0";"";""
"acmbd.[conf/vldb/RusinkiewiczKTWM95]";"acmbd2.[sRcMuuo3-BEJ]";"1.0";"";""
"acmbd.[conf/vldb/RusinkiewiczKTWM95]";"acmbd2.[url:http://www.csa.com/partners/viewrecord.php%3Frequester%3Dgs%26collection%3DTRD%26recid%3D0116696CI]";"0.0";"";""
"acmbd.[conf/vldb/RusinkiewiczKTWM95]";"acmbd2.[ysc9EwrFrCEJ]";"0.10000002384185791";"";""
"acmbd.[conf/vldb/RusinkiewiczKTWM95]";"acmbd2.[6GiWh3tc64QJ]";"0.0";"";""
"acmbd.[conf/vldb/RusinkiewiczKTWM95]";"acmbd2.[3SZUiHn5-goJ]";"0.03846156597137451";"";""
"acmbd.[conf/vldb/RusinkiewiczKTWM95]";"acmbd2.[8jhe9EF3BtUJ]";"0.0";"";""
"acmbd.[conf/vldb/RusinkiewiczKTWM95]";"acmbd2.[url:http://portal.acm.org/citation.cfm%3Fid%3D30120.30124]";"0.0";"";""
"acmbd.[conf/vldb/RusinkiewiczKTWM95]";"acmbd2.[jNtH9IHZFdQJ]";"0.019999980926513672";"";""
"acmbd.[conf/vldb/RusinkiewiczKTWM95]";"acmbd2.[8Gc5_pGFNPIJ]";"0.0";"";""
"acmbd.[conf/vldb/RusinkiewiczKTWM95]";"acmbd2.[uKYClilrdlwJ]";"0.0";"";""
"acmbd.[conf/vldb/RusinkiewiczKTWM95]";"acmbd2.[usC5w5B3S_IJ]";"0.0";"";""
"acmbd.[conf/vldb/RusinkiewiczKTWM95]";"acmbd2.[7w05tSBkqmcJ]";"0.05555558204650879";"";""
"acmbd.[conf/vldb/RusinkiewiczKTWM95]";"acmbd2.[XqpMijpKbaEJ]";"0.0";"";""
"acmbd.[conf/vldb/RusinkiewiczKTWM95]";"acmbd2.[XagphbDrGQMJ]";"0.0";"";""
"acmbd.[conf/vldb/RusinkiewiczKTWM95]";"acmbd2.[UjuTLAYjzQcJ]";"0.0";"";""
"acmbd.[conf/vldb/RusinkiewiczKTWM95]";"acmbd2.[ddtO_cj4TeYJ]";"0.03448277711868286";"";""
"acmbd.[conf/vldb/RusinkiewiczKTWM95]";"acmbd2.[1bwVGQrOOjgJ]";"0.0";"";""
"acmbd.[conf/vldb/RusinkiewiczKTWM95]";"acmbd2.[url:http://portal.acm.org/ft_gateway.cfm%3Fid%3D1027558%26type%3Dpdf]";"0.0";"";""
"acmbd.[conf/vldb/RusinkiewiczKTWM95]";"acmbd2.[lSA4_CV5roAJ]";"0.03448277711868286";"";""
"acmbd.[conf/vldb/RusinkiewiczKTWM95]";"acmbd2.[url:http://ieeexplore.ieee.org/iel5/9193/29143/01314551.pdf%3Farnumber%3D1314551]";"0.0";"";""
"acmbd.[conf/vldb/RusinkiewiczKTWM95]";"acmbd2.[3LJnfTsTk5kJ]";"0.0";"";""
"acmbd.[conf/vldb/RusinkiewiczKTWM95]";"acmbd2.[cjBpI3TcSWsJ]";"0.07142859697341919";"";""
"acmbd.[conf/vldb/RusinkiewiczKTWM95]";"acmbd2.[LaJ36pgeT1AJ]";"0.019999980926513672";"";""
"acmbd.[conf/vldb/RusinkiewiczKTWM95]";"acmbd2.[z2YGIMBSU7UJ]";"0.037037014961242676";"";""
"acmbd.[conf/vldb/RusinkiewiczKTWM95]";"acmbd2.[j0_Cq1G7sasJ]";"0.07999998331069946";"";""
"acmbd.[conf/vldb/RusinkiewiczKTWM95]";"acmbd2.[UrYJY7lnKaUJ]";"0.0";"";""
"acmbd.[conf/vldb/RusinkiewiczKTWM95]";"acmbd2.[WjD01QHCjvcJ]";"0.0";"";""
"acmbd.[conf/vldb/RusinkiewiczKTWM95]";"acmbd2.[IFN4xGRCE_0J]";"0.0";"";""
"acmbd.[conf/vldb/RusinkiewiczKTWM95]";"acmbd2.[MovY5AUlV5YJ]";"0.0";"";""
"acmbd.[conf/vldb/RusinkiewiczKTWM95]";"acmbd2.[sAJRyUtQ0QQJ]";"0.0";"";""
"acmbd.[conf/vldb/RusinkiewiczKTWM95]";"acmbd2.[F1QUmDWR1gAJ]";"0.0";"";""
"acmbd.[conf/vldb/RusinkiewiczKTWM95]";"acmbd2.[swz4p1NjrBcJ]";"0.0";"";""
"acmbd.[conf/vldb/RusinkiewiczKTWM95]";"acmbd2.[0xp1yi4xPKgJ]";"0.05882352590560913";"";""
"acmbd.[conf/vldb/RusinkiewiczKTWM95]";"acmbd2.[HEJ1Z4Q_xXMJ]";"0.0";"";""
"acmbd.[conf/vldb/RusinkiewiczKTWM95]";"acmbd2.[rRa1H9bVDikJ]";"0.02499997615814209";"";""
"acmbd.[conf/vldb/RusinkiewiczKTWM95]";"acmbd2.[V5JQCf2HRkEJ]";"0.0";"";""
"acmbd.[conf/vldb/RusinkiewiczKTWM95]";"acmbd2.[toEJOw9QjyMJ]";"0.03448277711868286";"";""
"acmbd.[conf/vldb/RusinkiewiczKTWM95]";"acmbd2.[EMw2ZFDyZ2wJ]";"0.0";"";""
"acmbd.[conf/vldb/RusinkiewiczKTWM95]";"acmbd2.[id_01GRS2WwJ]";"0.01754385232925415";"";""
"acmbd.[conf/vldb/RusinkiewiczKTWM95]";"acmbd2.[0KLIpvrbmtEJ]";"0.037037014961242676";"";""
"acmbd.[conf/vldb/RusinkiewiczKTWM95]";"acmbd2.[Mc7dagP3gtoJ]";"0.037037014961242676";"";""
"acmbd.[conf/vldb/RusinkiewiczKTWM95]";"acmbd2.[8KlTAkM4AHIJ]";"0.0";"";""
"acmbd.[conf/vldb/RusinkiewiczKTWM95]";"acmbd2.[2VxWyrPxHzsJ]";"0.0";"";""
"acmbd.[conf/vldb/RusinkiewiczKTWM95]";"acmbd2.[EiZQofL2jlkJ]";"0.0";"";""
"acmbd.[conf/vldb/RusinkiewiczKTWM95]";"acmbd2.[Ng1p4qxvf7EJ]";"0.0";"";""
"acmbd.[conf/vldb/RusinkiewiczKTWM95]";"acmbd2.[AwHs1Su8H-8J]";"0.029411792755126953";"";""
"acmbd.[conf/vldb/RusinkiewiczKTWM95]";"acmbd2.[F6l4EO3zqXMJ]";"0.25";"";""
"acmbd.[conf/vldb/RusinkiewiczKTWM95]";"acmbd2.[iVzaAZEHyCoJ]";"0.0";"";""
"acmbd.[conf/vldb/RusinkiewiczKTWM95]";"acmbd2.[_GGgRRl38TgJ]";"0.0";"";""
"acmbd.[conf/vldb/RusinkiewiczKTWM95]";"acmbd2.[url:http://adsabs.harvard.edu/abs/1978RaEl...23Q1189O]";"0.0";"";""
"acmbd.[conf/vldb/RusinkiewiczKTWM95]";"acmbd2.[aX8-169BMwsJ]";"0.027777791023254395";"";""
"acmbd.[conf/vldb/RusinkiewiczKTWM95]";"acmbd2.[XMfYgcBvXM0J]";"0.03333336114883423";"";""
"acmbd.[conf/vldb/RusinkiewiczKTWM95]";"acmbd2.[po9aRHUS_bAJ]";"0.026315808296203613";"";""
"acmbd.[conf/vldb/RusinkiewiczKTWM95]";"acmbd2.[lscRCDC0PGkJ]";"0.0";"";""
"acmbd.[conf/vldb/RusinkiewiczKTWM95]";"acmbd2.[2LcOYPNxFbMJ]";"0.0";"";""
"acmbd.[conf/vldb/RusinkiewiczKTWM95]";"acmbd2.[url:http://adsabs.harvard.edu/abs/1976PhDT.......124S]";"0.0";"";""
"acmbd.[conf/vldb/RusinkiewiczKTWM95]";"acmbd2.[7iM5GbDx4xYJ]";"0.0";"";""
"acmbd.[conf/vldb/RusinkiewiczKTWM95]";"acmbd2.[9fcJjh5vHn8J]";"0.07142859697341919";"";""
"acmbd.[conf/vldb/RusinkiewiczKTWM95]";"acmbd2.[url:http://pubs.acs.org/cgi-bin/abstract.cgi/achre4/2005/38/i10/abs/ar050040d.html]";"0.0";"";""
"acmbd.[conf/vldb/RusinkiewiczKTWM95]";"acmbd2.[mf-MrJgPc14J]";"0.0";"";""
"acmbd.[conf/vldb/RusinkiewiczKTWM95]";"acmbd2.[c4ELeS4vK1EJ]";"0.0";"";""
"acmbd.[conf/vldb/RusinkiewiczKTWM95]";"acmbd2.[56wrFV0ec-QJ]";"0.0";"";""
"acmbd.[conf/vldb/RusinkiewiczKTWM95]";"acmbd2.[u_KNLj37TMMJ]";"0.0";"";""
"acmbd.[conf/vldb/RusinkiewiczKTWM95]";"acmbd2.[VvNpa4FHVMIJ]";"0.027777791023254395";"";""
"acmbd.[conf/vldb/RusinkiewiczKTWM95]";"acmbd2.[6AZuEPU008kJ]";"0.0";"";""
"acmbd.[conf/vldb/RusinkiewiczKTWM95]";"acmbd2.[wKlF2io9JdIJ]";"0.04444444179534912";"";""
"acmbd.[conf/vldb/RusinkiewiczKTWM95]";"acmbd2.[GJ_7cqL0d70J]";"0.0";"";""
"acmbd.[conf/vldb/RusinkiewiczKTWM95]";"acmbd2.[PQyIlUpv_FYJ]";"0.014285743236541748";"";""
"acmbd.[conf/vldb/RusinkiewiczKTWM95]";"acmbd2.[nUmGkBJU1JkJ]";"0.0";"";""
"acmbd.[conf/vldb/RusinkiewiczKTWM95]";"acmbd2.[y-UI3J0AxlwJ]";"0.0";"";""
"acmbd.[conf/vldb/RusinkiewiczKTWM95]";"acmbd2.[402gY6XtTgMJ]";"0.027027010917663574";"";""
"acmbd.[conf/vldb/RusinkiewiczKTWM95]";"acmbd2.[gYmnkSkewcwJ]";"0.016949176788330078";"";""
"acmbd.[conf/vldb/RusinkiewiczKTWM95]";"acmbd2.[2TVJo0A0oSkJ]";"0.0";"";""
"acmbd.[conf/vldb/RusinkiewiczKTWM95]";"acmbd2.[ux8y6EIQxd8J]";"0.0";"";""
"acmbd.[conf/vldb/RusinkiewiczKTWM95]";"acmbd2.[WIg9kgdVp9IJ]";"0.027027010917663574";"";""
"acmbd.[conf/vldb/RusinkiewiczKTWM95]";"acmbd2.[qxEotZcMAbQJ]";"0.0";"";""
"acmbd.[conf/vldb/RusinkiewiczKTWM95]";"acmbd2.[LVuwIOnOYCcJ]";"0.0";"";""
"acmbd.[conf/vldb/RusinkiewiczKTWM95]";"acmbd2.[nY-qEoIxWjUJ]";"0.05263155698776245";"";""
"acmbd.[conf/vldb/RusinkiewiczKTWM95]";"acmbd2.[voUO6t_or8UJ]";"0.0";"";""
"acmbd.[conf/vldb/RusinkiewiczKTWM95]";"acmbd2.[jQQEllAp2SUJ]";"0.0";"";""
"acmbd.[conf/vldb/RusinkiewiczKTWM95]";"acmbd2.[gii3pwLWDMwJ]";"0.0";"";""
"acmbd.[conf/vldb/RusinkiewiczKTWM95]";"acmbd2.[Jwegiego4ycJ]";"0.0";"";""
"acmbd.[conf/vldb/RusinkiewiczKTWM95]";"acmbd2.[2EMLBdsxzWgJ]";"0.0";"";""
"acmbd.[conf/vldb/RusinkiewiczKTWM95]";"acmbd2.[91iu-XaRiKcJ]";"0.0";"";""
"acmbd.[conf/vldb/RusinkiewiczKTWM95]";"acmbd2.[Y8HMa1ZZE6sJ]";"0.015625";"";""
"acmbd.[conf/vldb/RusinkiewiczKTWM95]";"acmbd2.[TnnGbQoTybAJ]";"0.0";"";""
"acmbd.[conf/vldb/RusinkiewiczKTWM95]";"acmbd2.[NLklGN91cZgJ]";"0.07142859697341919";"";""
"acmbd.[conf/vldb/RusinkiewiczKTWM95]";"acmbd2.[6cJpBw-m96EJ]";"0.0";"";""
"acmbd.[conf/vldb/RusinkiewiczKTWM95]";"acmbd2.[YMJWXy5nkhkJ]";"0.0";"";""
"acmbd.[conf/vldb/RusinkiewiczKTWM95]";"acmbd2.[fUebuYnd2bwJ]";"0.0";"";""
"acmbd.[conf/vldb/RusinkiewiczKTWM95]";"acmbd2.[_7oRm2tHjAEJ]";"0.0";"";""
"acmbd.[conf/vldb/RusinkiewiczKTWM95]";"acmbd2.[28W6aWq-C4oJ]";"0.0";"";""
"acmbd.[conf/vldb/RusinkiewiczKTWM95]";"acmbd2.[TWGZjHRA_SkJ]";"0.027777791023254395";"";""
"acmbd.[conf/vldb/RusinkiewiczKTWM95]";"acmbd2.[pRwYK3dNDbMJ]";"0.01754385232925415";"";""
"acmbd.[conf/vldb/RusinkiewiczKTWM95]";"acmbd2.[sXd0gz-ePSkJ]";"0.027777791023254395";"";""
"acmbd.[conf/vldb/RusinkiewiczKTWM95]";"acmbd2.[1dNEhgroZDUJ]";"0.0";"";""
"acmbd.[conf/vldb/RusinkiewiczKTWM95]";"acmbd2.[5dCPTEkz8sAJ]";"0.0";"";""
"acmbd.[conf/vldb/RusinkiewiczKTWM95]";"acmbd2.[VlesUfN0l6MJ]";"0.0";"";""
"acmbd.[conf/vldb/RusinkiewiczKTWM95]";"acmbd2.[udwyuDAKb4UJ]";"0.037037014961242676";"";""
"acmbd.[conf/vldb/RusinkiewiczKTWM95]";"acmbd2.[W3zVGcJJnXsJ]";"0.0";"";""
"acmbd.[conf/vldb/RusinkiewiczKTWM95]";"acmbd2.[url:http://portal.acm.org/citation.cfm%3Fid%3D335224]";"0.01538461446762085";"";""
"acmbd.[conf/vldb/RusinkiewiczKTWM95]";"acmbd2.[Ko9MBagQqlQJ]";"0.0";"";""
"acmbd.[conf/vldb/RusinkiewiczKTWM95]";"acmbd2.[azGenr45ZMoJ]";"0.0";"";""
"acmbd.[conf/vldb/RusinkiewiczKTWM95]";"acmbd2.[uen3X_Kdpi4J]";"0.0";"";""
"acmbd.[conf/vldb/RusinkiewiczKTWM95]";"acmbd2.[QKN4lCN_gE0J]";"0.1428571343421936";"";""
"acmbd.[conf/vldb/RusinkiewiczKTWM95]";"acmbd2.[tAqE9frQ4QUJ]";"0.0";"";""
"acmbd.[conf/vldb/RusinkiewiczKTWM95]";"acmbd2.[0JYcH0e5nZkJ]";"0.0";"";""
"acmbd.[conf/vldb/RusinkiewiczKTWM95]";"acmbd2.[p6zcWuHfGd0J]";"0.018867909908294678";"";""
"acmbd.[conf/vldb/RusinkiewiczKTWM95]";"acmbd2.[Rb5NnJ5KViIJ]";"0.0";"";""
"acmbd.[conf/vldb/RusinkiewiczKTWM95]";"acmbd2.[6R1Snq9kHxAJ]";"0.0";"";""
"acmbd.[conf/vldb/RusinkiewiczKTWM95]";"acmbd2.[DijiwhAHwG8J]";"0.0";"";""
"acmbd.[conf/vldb/RusinkiewiczKTWM95]";"acmbd2.[mhW6ctQ9zzcJ]";"0.0";"";""
"acmbd.[conf/vldb/RusinkiewiczKTWM95]";"acmbd2.[RQbOReOI-tsJ]";"0.04444444179534912";"";""
"acmbd.[conf/vldb/RusinkiewiczKTWM95]";"acmbd2.[FOruO1PeowAJ]";"0.030303001403808594";"";""
"acmbd.[conf/vldb/RusinkiewiczKTWM95]";"acmbd2.[url:http://www.springerlink.com/index/GJ461198440332L2.pdf]";"0.0";"";""
"acmbd.[conf/vldb/RusinkiewiczKTWM95]";"acmbd2.[46FVYbhr0WoJ]";"0.029411792755126953";"";""
"acmbd.[conf/vldb/RusinkiewiczKTWM95]";"acmbd2.[-H4lVPIakg8J]";"0.019999980926513672";"";""
"acmbd.[conf/vldb/RusinkiewiczKTWM95]";"acmbd2.[qrf5iH3OjpcJ]";"0.0";"";""
"acmbd.[conf/vldb/RusinkiewiczKTWM95]";"acmbd2.[hK_2w16gHYAJ]";"0.0";"";""
"acmbd.[conf/vldb/RusinkiewiczKTWM95]";"acmbd2.[A-5Q8iqYbvQJ]";"0.0";"";""
"acmbd.[conf/vldb/RusinkiewiczKTWM95]";"acmbd2.[QRWJHLWImlYJ]";"0.037037014961242676";"";""
"acmbd.[conf/vldb/RusinkiewiczKTWM95]";"acmbd2.[6uK30FL35hwJ]";"0.0";"";""
"acmbd.[conf/vldb/RusinkiewiczKTWM95]";"acmbd2.[url:http://portal.acm.org/ft_gateway.cfm%3Fid%3D1024703%26type%3Dpdf]";"0.07142859697341919";"";""
"acmbd.[conf/vldb/RusinkiewiczKTWM95]";"acmbd2.[TbE3R1gFWjUJ]";"0.08333331346511841";"";""
"acmbd.[conf/vldb/RusinkiewiczKTWM95]";"acmbd2.[kjvQ3FafC-IJ]";"0.03448277711868286";"";""
"acmbd.[conf/vldb/RusinkiewiczKTWM95]";"acmbd2.[WY8jbUlHkbQJ]";"0.0";"";""
"acmbd.[conf/vldb/RusinkiewiczKTWM95]";"acmbd2.[5lw-_yAlz-oJ]";"0.0";"";""
"acmbd.[conf/vldb/RusinkiewiczKTWM95]";"acmbd2.[w6VtZRVAZV8J]";"0.10256409645080566";"";""
"acmbd.[conf/vldb/RusinkiewiczKTWM95]";"acmbd2.[WyuPHBB-0GAJ]";"0.0";"";""
"acmbd.[conf/vldb/RusinkiewiczKTWM95]";"acmbd2.[url:http://portal.acm.org/citation.cfm%3Fid%3D144111.144147]";"0.015625";"";""
"acmbd.[conf/vldb/RusinkiewiczKTWM95]";"acmbd2.[69kmXg9nRZkJ]";"0.029411792755126953";"";""
"acmbd.[conf/vldb/RusinkiewiczKTWM95]";"acmbd2.[fzjkVBKQlFkJ]";"0.0";"";""
"acmbd.[conf/vldb/RusinkiewiczKTWM95]";"acmbd2.[COTeaVKuo74J]";"0.02499997615814209";"";""
"acmbd.[conf/vldb/RusinkiewiczKTWM95]";"acmbd2.[url:http://www.springerlink.com/index/L22781T60477677P.pdf]";"0.0";"";""
"acmbd.[conf/vldb/RusinkiewiczKTWM95]";"acmbd2.[vvivi2dLN9AJ]";"0.0";"";""
"acmbd.[conf/vldb/RusinkiewiczKTWM95]";"acmbd2.[Tp6vV_Q_xVEJ]";"0.030303001403808594";"";""
"acmbd.[conf/vldb/RusinkiewiczKTWM95]";"acmbd2.[url:http://portal.acm.org/ft_gateway.cfm%3Fid%3D1099628%26type%3Dpdf]";"0.0";"";""
"acmbd.[conf/vldb/RusinkiewiczKTWM95]";"acmbd2.[N8aAlLT0C8oJ]";"0.0";"";""
"acmbd.[conf/vldb/RusinkiewiczKTWM95]";"acmbd2.[OQz4P5Iv-g0J]";"0.0";"";""
"acmbd.[conf/vldb/RusinkiewiczKTWM95]";"acmbd2.[5fGxMmQQEykJ]";"0.0";"";""
"acmbd.[conf/vldb/RusinkiewiczKTWM95]";"acmbd2.[VWbm4EeeFNMJ]";"0.059701502323150635";"";""
"acmbd.[conf/vldb/RusinkiewiczKTWM95]";"acmbd2.[AevsYZEQ4ToJ]";"0.027027010917663574";"";""
"acmbd.[conf/vldb/RusinkiewiczKTWM95]";"acmbd2.[LOf87FHwTKMJ]";"0.0";"";""
"acmbd.[conf/vldb/RusinkiewiczKTWM95]";"acmbd2.[uQN3b_IsnKsJ]";"0.027027010917663574";"";""
"acmbd.[conf/vldb/RusinkiewiczKTWM95]";"acmbd2.[L6t_li7XQAEJ]";"0.0";"";""
"acmbd.[conf/vldb/RusinkiewiczKTWM95]";"acmbd2.[OI8quvdwtDsJ]";"0.25";"";""
"acmbd.[conf/vldb/RusinkiewiczKTWM95]";"acmbd2.[0Vmsc0oib2kJ]";"0.0";"";""
"acmbd.[conf/vldb/RusinkiewiczKTWM95]";"acmbd2.[WmnYIr3Wl_QJ]";"0.06666666269302368";"";""
"acmbd.[conf/vldb/RusinkiewiczKTWM95]";"acmbd2.[Blt38BS62Q8J]";"0.0";"";""
"acmbd.[conf/vldb/RusinkiewiczKTWM95]";"acmbd2.[M1dA2StifZgJ]";"0.019230782985687256";"";""
"acmbd.[conf/vldb/RusinkiewiczKTWM95]";"acmbd2.[vasz2m_3vAQJ]";"0.19999998807907104";"";""
"acmbd.[conf/vldb/RusinkiewiczKTWM95]";"acmbd2.[NxYaoolVv64J]";"0.0350877046585083";"";""
"acmbd.[conf/vldb/RusinkiewiczKTWM95]";"acmbd2.[EEnQbLyvU2UJ]";"0.0";"";""
"acmbd.[conf/vldb/RusinkiewiczKTWM95]";"acmbd2.[30fOGPmJ6fIJ]";"0.03846156597137451";"";""
"acmbd.[conf/vldb/RusinkiewiczKTWM95]";"acmbd2.[tJ6kK-HVAlsJ]";"0.0";"";""
"acmbd.[conf/vldb/RusinkiewiczKTWM95]";"acmbd2.[PJsJnZ4ZVAEJ]";"0.0";"";""
"acmbd.[conf/vldb/RusinkiewiczKTWM95]";"acmbd2.[tEuduHYdAVcJ]";"0.0";"";""
"acmbd.[conf/vldb/RusinkiewiczKTWM95]";"acmbd2.[30fMB9_zBm0J]";"0.05714285373687744";"";""
"acmbd.[conf/vldb/RusinkiewiczKTWM95]";"acmbd2.[RjCEOZr3AhkJ]";"0.05555558204650879";"";""
"acmbd.[conf/vldb/RusinkiewiczKTWM95]";"acmbd2.[url:http://www.csa.com/partners/viewrecord.php%3Frequester%3Dgs%26collection%3DTRD%26recid%3D20021212014823MT%26recid%3DA8012618AH]";"0.0";"";""
"acmbd.[conf/vldb/RusinkiewiczKTWM95]";"acmbd2.[lhZrnNfrGDcJ]";"0.0";"";""
"acmbd.[conf/vldb/RusinkiewiczKTWM95]";"acmbd2.[mKsEnKaqMhQJ]";"0.027777791023254395";"";""
"acmbd.[conf/vldb/RusinkiewiczKTWM95]";"acmbd2.[DA8yFPOOruIJ]";"0.0";"";""
"acmbd.[conf/vldb/RusinkiewiczKTWM95]";"acmbd2.[VxMaWTwd3l8J]";"0.0";"";""
"acmbd.[conf/vldb/RusinkiewiczKTWM95]";"acmbd2.[url:http://www.csa.com/partners/viewrecord.php%3Frequester%3Dgs%26collection%3DTRD%26recid%3D200111010695MT%26recid%3DA0032617AH]";"0.0";"";""
"acmbd.[conf/vldb/RusinkiewiczKTWM95]";"acmbd2.[3w0fguTu1-kJ]";"0.0";"";""
"acmbd.[conf/vldb/RusinkiewiczKTWM95]";"acmbd2.[url:http://portal.acm.org/ft_gateway.cfm%3Fid%3D1027583%26type%3Dpdf]";"0.0";"";""
"acmbd.[conf/vldb/RusinkiewiczKTWM95]";"acmbd2.[url:http://portal.acm.org/ft_gateway.cfm%3Fid%3D1101216%26type%3Dpdf]";"0.0";"";""
"acmbd.[conf/vldb/RusinkiewiczKTWM95]";"acmbd2.[K1CvTrLwL_wJ]";"0.0";"";""
"acmbd.[conf/vldb/RusinkiewiczKTWM95]";"acmbd2.[jEkYy-CXux0J]";"0.0";"";""
"acmbd.[conf/vldb/RusinkiewiczKTWM95]";"acmbd2.[454EqQMrnSYJ]";"0.0";"";""
"acmbd.[conf/vldb/RusinkiewiczKTWM95]";"acmbd2.[6Baf2dWrexEJ]";"0.0";"";""
"acmbd.[conf/vldb/RusinkiewiczKTWM95]";"acmbd2.[fa8RKQRn-XgJ]";"0.0";"";""
"acmbd.[conf/vldb/RusinkiewiczKTWM95]";"acmbd2.[IQqrZBxbAlcJ]";"0.0";"";""
"acmbd.[conf/vldb/RusinkiewiczKTWM95]";"acmbd2.[LyI-E67p5AkJ]";"0.0";"";""
"acmbd.[conf/vldb/RusinkiewiczKTWM95]";"acmbd2.[ZlDMwysmH-0J]";"0.039215683937072754";"";""
"acmbd.[conf/vldb/RusinkiewiczKTWM95]";"acmbd2.[PB_OZcUC2WsJ]";"0.01408451795578003";"";""
"acmbd.[conf/vldb/RusinkiewiczKTWM95]";"acmbd2.[CWQuDi6C6hcJ]";"0.0";"";""
"acmbd.[conf/vldb/RusinkiewiczKTWM95]";"acmbd2.[5J4eT-rFpRMJ]";"0.01449275016784668";"";""
"acmbd.[conf/vldb/RusinkiewiczKTWM95]";"acmbd2.[xKQ3w_8n154J]";"0.0";"";""
"acmbd.[conf/vldb/RusinkiewiczKTWM95]";"acmbd2.[Y0LjnyTjMVMJ]";"0.0";"";""
"acmbd.[conf/vldb/RusinkiewiczKTWM95]";"acmbd2.[eGhUcgT4ZQcJ]";"0.0";"";""
"acmbd.[conf/vldb/RusinkiewiczKTWM95]";"acmbd2.[sInVx-UHfVIJ]";"0.0";"";""
"acmbd.[conf/vldb/RusinkiewiczKTWM95]";"acmbd2.[vjMNe4j5bMkJ]";"0.037037014961242676";"";""
"acmbd.[conf/vldb/RusinkiewiczKTWM95]";"acmbd2.[QDqI_QZyy10J]";"0.0";"";""
"acmbd.[conf/vldb/RusinkiewiczKTWM95]";"acmbd2.[url:http://portal.acm.org/ft_gateway.cfm%3Fid%3D1101177%26type%3Dpdf]";"0.0";"";""
"acmbd.[conf/vldb/RusinkiewiczKTWM95]";"acmbd2.[KPl4pMKQsvwJ]";"0.0";"";""
"acmbd.[conf/vldb/RusinkiewiczKTWM95]";"acmbd2.[SB31pnOioMcJ]";"0.0";"";""
"acmbd.[conf/vldb/RusinkiewiczKTWM95]";"acmbd2.[aqVgCgNPqp4J]";"0.0";"";""
"acmbd.[conf/vldb/RusinkiewiczKTWM95]";"acmbd2.[rhxIrsQkm5AJ]";"0.029411792755126953";"";""
"acmbd.[conf/vldb/RusinkiewiczKTWM95]";"acmbd2.[SSU5skdzxREJ]";"0.0";"";""
"acmbd.[conf/vldb/RusinkiewiczKTWM95]";"acmbd2.[J71GM5zkRoYJ]";"0.0";"";""
"acmbd.[conf/vldb/RusinkiewiczKTWM95]";"acmbd2.[aZ_npIo5fdQJ]";"0.0";"";""
"acmbd.[conf/vldb/RusinkiewiczKTWM95]";"acmbd2.[ttmY152c3vYJ]";"0.0";"";""
"acmbd.[conf/vldb/RusinkiewiczKTWM95]";"acmbd2.[3eMeA-5frX8J]";"0.0";"";""
"acmbd.[conf/vldb/RusinkiewiczKTWM95]";"acmbd2.[x8s3QpPxgGYJ]";"0.0";"";""
"acmbd.[conf/vldb/RusinkiewiczKTWM95]";"acmbd2.[1pxtzlCLlk8J]";"0.0";"";""
"acmbd.[conf/vldb/RusinkiewiczKTWM95]";"acmbd2.[wv5fSLQb43YJ]";"0.05263155698776245";"";""
"acmbd.[conf/vldb/RusinkiewiczKTWM95]";"acmbd2.[url:http://portal.acm.org/citation.cfm%3Fid%3D234286.1057819]";"0.0";"";""
"acmbd.[conf/vldb/RusinkiewiczKTWM95]";"acmbd2.[KVQHF7nCofwJ]";"0.019999980926513672";"";""
"acmbd.[conf/vldb/RusinkiewiczKTWM95]";"acmbd2.[Uq3RuLdajFYJ]";"0.0";"";""
"acmbd.[conf/vldb/RusinkiewiczKTWM95]";"acmbd2.[0ldzxNM8mMQJ]";"0.0";"";""
"acmbd.[conf/vldb/RusinkiewiczKTWM95]";"acmbd2.[Kd19TvHLpjAJ]";"0.25";"";""
"acmbd.[conf/vldb/RusinkiewiczKTWM95]";"acmbd2.[7RfIyu2r4-kJ]";"0.0";"";""
"acmbd.[conf/vldb/RusinkiewiczKTWM95]";"acmbd2.[url:http://www.csa.com/partners/viewrecord.php%3Frequester%3Dgs%26collection%3DTRD%26recid%3D8204540536MD]";"0.014285743236541748";"";""
"acmbd.[conf/vldb/RusinkiewiczKTWM95]";"acmbd2.[mxACmnKeiBwJ]";"0.0";"";""
"acmbd.[conf/vldb/RusinkiewiczKTWM95]";"acmbd2.[-jIVsY3pIKMJ]";"0.0";"";""
"acmbd.[conf/vldb/RusinkiewiczKTWM95]";"acmbd2.[O_SMlr3bFBMJ]";"0.045454561710357666";"";""
"acmbd.[conf/vldb/RusinkiewiczKTWM95]";"acmbd2.[MkRtrERh0sYJ]";"0.0";"";""
"acmbd.[conf/vldb/RusinkiewiczKTWM95]";"acmbd2.[mA1QbRiCXRAJ]";"0.0";"";""
"acmbd.[conf/vldb/RusinkiewiczKTWM95]";"acmbd2.[tP6zd0gYJ6wJ]";"0.04000002145767212";"";""
"acmbd.[conf/vldb/RusinkiewiczKTWM95]";"acmbd2.[sCFhaE4a8yAJ]";"0.0";"";""
"acmbd.[conf/vldb/RusinkiewiczKTWM95]";"acmbd2.[uWMZnfvTJqsJ]";"0.0";"";""
"acmbd.[conf/vldb/RusinkiewiczKTWM95]";"acmbd2.[5DVX31BUCFEJ]";"0.027027010917663574";"";""
"acmbd.[conf/vldb/RusinkiewiczKTWM95]";"acmbd2.[ek26aiEheesJ]";"0.0";"";""
"acmbd.[conf/vldb/RusinkiewiczKTWM95]";"acmbd2.[WboWWH5GQBUJ]";"0.0";"";""
"acmbd.[conf/vldb/RusinkiewiczKTWM95]";"acmbd2.[wqCNvihL8LwJ]";"0.0";"";""
"acmbd.[conf/vldb/RusinkiewiczKTWM95]";"acmbd2.[FMBlth2of3IJ]";"0.0";"";""
"acmbd.[conf/vldb/RusinkiewiczKTWM95]";"acmbd2.[qWXP6sgIeKsJ]";"0.014925360679626465";"";""
"acmbd.[conf/vldb/RusinkiewiczKTWM95]";"acmbd2.[89YLiDkaVN0J]";"0.02857142686843872";"";""
"acmbd.[conf/vldb/RusinkiewiczKTWM95]";"acmbd2.[lmuMLUbOd_8J]";"0.027777791023254395";"";""
"acmbd.[conf/vldb/RusinkiewiczKTWM95]";"acmbd2.[Ar8qus-3KAQJ]";"0.0";"";""
"acmbd.[conf/vldb/RusinkiewiczKTWM95]";"acmbd2.[euRfl0dTNlEJ]";"0.0";"";""
"acmbd.[conf/vldb/RusinkiewiczKTWM95]";"acmbd2.[5ptAphKla1oJ]";"0.0";"";""
"acmbd.[conf/vldb/RusinkiewiczKTWM95]";"acmbd2.[D1f1Uq41ae8J]";"0.10000002384185791";"";""
"acmbd.[conf/vldb/RusinkiewiczKTWM95]";"acmbd2.[0sNACo8196EJ]";"0.0";"";""
"acmbd.[conf/vldb/RusinkiewiczKTWM95]";"acmbd2.[T-_9EOiSJMgJ]";"0.08333331346511841";"";""
"acmbd.[conf/vldb/RusinkiewiczKTWM95]";"acmbd2.[fSB01JihBQQJ]";"0.0";"";""
"acmbd.[conf/vldb/RusinkiewiczKTWM95]";"acmbd2.[url:http://www.csa.com/partners/viewrecord.php%3Frequester%3Dgs%26collection%3DTRD%26recid%3D0014631CI]";"0.0";"";""
"acmbd.[conf/vldb/RusinkiewiczKTWM95]";"acmbd2.[oZvlrcwAJ3cJ]";"0.08695650100708008";"";""
"acmbd.[conf/vldb/RusinkiewiczKTWM95]";"acmbd2.[DvhLJEgyVOUJ]";"0.0";"";""
"acmbd.[conf/vldb/RusinkiewiczKTWM95]";"acmbd2.[a2-CPLseJxQJ]";"0.027777791023254395";"";""
"acmbd.[conf/vldb/RusinkiewiczKTWM95]";"acmbd2.[GmI6Eh8pCnkJ]";"0.0";"";""
"acmbd.[conf/vldb/RusinkiewiczKTWM95]";"acmbd2.[BsLB7EI7oawJ]";"0.014285743236541748";"";""
"acmbd.[conf/vldb/RusinkiewiczKTWM95]";"acmbd2.[O4K4hktgjLMJ]";"0.0";"";""
"acmbd.[conf/vldb/RusinkiewiczKTWM95]";"acmbd2.[qaoTK_zX3awJ]";"0.01449275016784668";"";""
"acmbd.[conf/vldb/RusinkiewiczKTWM95]";"acmbd2.[sKZX_NA5UEAJ]";"0.0";"";""
"acmbd.[conf/vldb/RusinkiewiczKTWM95]";"acmbd2.[fz4PKDuWGmoJ]";"0.059701502323150635";"";""
"acmbd.[conf/vldb/RusinkiewiczKTWM95]";"acmbd2.[C5r7CWfQ0icJ]";"0.0";"";""
"acmbd.[conf/vldb/RusinkiewiczKTWM95]";"acmbd2.[xCbXlJHLR48J]";"0.029411792755126953";"";""
"acmbd.[conf/vldb/RusinkiewiczKTWM95]";"acmbd2.[Faa0FnCEmE0J]";"0.25";"";""
"acmbd.[conf/vldb/RusinkiewiczKTWM95]";"acmbd2.[dCNBjTU6p90J]";"0.0";"";""
"acmbd.[conf/vldb/RusinkiewiczKTWM95]";"acmbd2.[bIui8xtInQEJ]";"0.0";"";""
"acmbd.[conf/vldb/RusinkiewiczKTWM95]";"acmbd2.[mVDi5C2m95sJ]";"0.01538461446762085";"";""
"acmbd.[conf/vldb/RusinkiewiczKTWM95]";"acmbd2.[a5dIjd9Bbl8J]";"0.016129016876220703";"";""
"acmbd.[conf/vldb/RusinkiewiczKTWM95]";"acmbd2.[url:http://doi.wiley.com/10.1002/ace.31]";"0.019999980926513672";"";""
"acmbd.[conf/vldb/RusinkiewiczKTWM95]";"acmbd2.[A2VpfbUljcUJ]";"0.0";"";""
"acmbd.[conf/vldb/RusinkiewiczKTWM95]";"acmbd2.[HiZ-2-mSanAJ]";"0.0";"";""
"acmbd.[conf/vldb/RusinkiewiczKTWM95]";"acmbd2.[VGyOaKo9oesJ]";"0.06666666269302368";"";""
"acmbd.[conf/vldb/RusinkiewiczKTWM95]";"acmbd2.[K8FEoYyEPL8J]";"0.0";"";""
"acmbd.[conf/vldb/RusinkiewiczKTWM95]";"acmbd2.[i-2P22dKYZgJ]";"0.0";"";""
"acmbd.[conf/vldb/RusinkiewiczKTWM95]";"acmbd2.[eCVVppG0h2MJ]";"0.0";"";""
"acmbd.[conf/vldb/RusinkiewiczKTWM95]";"acmbd2.[Jb9Ogc1qQAYJ]";"0.0";"";""
"acmbd.[conf/vldb/RusinkiewiczKTWM95]";"acmbd2.[zHtkwO0u5tYJ]";"0.06666666269302368";"";""
"acmbd.[conf/vldb/RusinkiewiczKTWM95]";"acmbd2.[qtSeY_1Q5YUJ]";"0.045454561710357666";"";""
"acmbd.[conf/vldb/RusinkiewiczKTWM95]";"acmbd2.[gfGSKwuJXO8J]";"0.800000011920929";"";""
"acmbd.[conf/vldb/RusinkiewiczKTWM95]";"acmbd2.[lEtduQE6LmgJ]";"0.0";"";""
"acmbd.[conf/vldb/RusinkiewiczKTWM95]";"acmbd2.[0lAHCM-lcjIJ]";"0.02380955219268799";"";""
"acmbd.[conf/vldb/RusinkiewiczKTWM95]";"acmbd2.[KzqcbQwUPmAJ]";"0.0";"";""
"acmbd.[conf/vldb/RusinkiewiczKTWM95]";"acmbd2.[BZLkF_YQCiYJ]";"0.0";"";""
"acmbd.[conf/vldb/RusinkiewiczKTWM95]";"acmbd2.[Ow2iIfOJUm0J]";"0.0";"";""
"acmbd.[conf/vldb/RusinkiewiczKTWM95]";"acmbd2.[32hCxOgdM8EJ]";"0.019999980926513672";"";""
"acmbd.[conf/vldb/RusinkiewiczKTWM95]";"acmbd2.[cSCaEZboCIgJ]";"0.10526317358016968";"";""
"acmbd.[conf/vldb/RusinkiewiczKTWM95]";"acmbd2.[Wc7Thzna0HgJ]";"0.0";"";""
"acmbd.[conf/vldb/RusinkiewiczKTWM95]";"acmbd2.[CjlBnzS51oAJ]";"0.0";"";""
"acmbd.[conf/vldb/RusinkiewiczKTWM95]";"acmbd2.[y8YwCE-kbMgJ]";"0.0";"";""
"acmbd.[conf/vldb/RusinkiewiczKTWM95]";"acmbd2.[-ZAKITqaNZUJ]";"0.0";"";""
"acmbd.[conf/vldb/RusinkiewiczKTWM95]";"acmbd2.[glLXyAIPPkIJ]";"0.0";"";""
"acmbd.[conf/vldb/RusinkiewiczKTWM95]";"acmbd2.[7VB5N4BYX9cJ]";"0.029411792755126953";"";""
"acmbd.[conf/vldb/RusinkiewiczKTWM95]";"acmbd2.[url:http://doi.wiley.com/10.1002/he.76]";"0.027777791023254395";"";""
"acmbd.[conf/vldb/RusinkiewiczKTWM95]";"acmbd2.[Rl018_dXTQwJ]";"0.037037014961242676";"";""
"acmbd.[conf/vldb/RusinkiewiczKTWM95]";"acmbd2.[E9MWD5nmNuQJ]";"0.0";"";""
"acmbd.[conf/vldb/RusinkiewiczKTWM95]";"acmbd2.[lx43M93LPHcJ]";"0.027777791023254395";"";""
"acmbd.[conf/vldb/RusinkiewiczKTWM95]";"acmbd2.[MSdOR1yOGKcJ]";"0.05555558204650879";"";""
"acmbd.[conf/vldb/RusinkiewiczKTWM95]";"acmbd2.[wN1gLUwtQgQJ]";"0.0";"";""
"acmbd.[conf/vldb/RusinkiewiczKTWM95]";"acmbd2.[yhJXXctSeUgJ]";"0.07142859697341919";"";""
"acmbd.[conf/vldb/RusinkiewiczKTWM95]";"acmbd2.[LwZe_nTD__UJ]";"0.07142859697341919";"";""
"acmbd.[conf/vldb/RusinkiewiczKTWM95]";"acmbd2.[j_hnHoHFyYkJ]";"0.0";"";""
"acmbd.[conf/vldb/RusinkiewiczKTWM95]";"acmbd2.[Ve97_p9rjogJ]";"0.0";"";""
"acmbd.[conf/vldb/RusinkiewiczKTWM95]";"acmbd2.[rCahZZaAhqcJ]";"0.0476190447807312";"";""
"acmbd.[conf/vldb/RusinkiewiczKTWM95]";"acmbd2.[c1HLn78WvnUJ]";"0.06666666269302368";"";""
"acmbd.[conf/vldb/RusinkiewiczKTWM95]";"acmbd2.[UCd3zDTAvDIJ]";"0.050000011920928955";"";""
"acmbd.[conf/vldb/RusinkiewiczKTWM95]";"acmbd2.[iPQ5DgAqS94J]";"0.0";"";""
"acmbd.[conf/vldb/RusinkiewiczKTWM95]";"acmbd2.[gWvmT46wdooJ]";"0.0";"";""
"acmbd.[conf/vldb/RusinkiewiczKTWM95]";"acmbd2.[s7S2J-qGkrkJ]";"0.0";"";""
"acmbd.[conf/vldb/RusinkiewiczKTWM95]";"acmbd2.[0ZQnv8tOzBwJ]";"0.029411792755126953";"";""
"acmbd.[conf/vldb/RusinkiewiczKTWM95]";"acmbd2.[eBioF2UxyBoJ]";"0.0";"";""
"acmbd.[conf/vldb/RusinkiewiczKTWM95]";"acmbd2.[2cnjfAdUQt4J]";"0.0";"";""
"acmbd.[conf/vldb/RusinkiewiczKTWM95]";"acmbd2.[n85SwXicWVgJ]";"0.037735819816589355";"";""
"acmbd.[conf/vldb/RusinkiewiczKTWM95]";"acmbd2.[nqhb6Cyu7RMJ]";"0.0";"";""
"acmbd.[conf/vldb/RusinkiewiczKTWM95]";"acmbd2.[LGPotmosI9gJ]";"0.0";"";""
"acmbd.[conf/vldb/RusinkiewiczKTWM95]";"acmbd2.[bZlpjMDZD5UJ]";"0.0";"";""
"acmbd.[conf/vldb/RusinkiewiczKTWM95]";"acmbd2.[-r42fmhetDIJ]";"0.0";"";""
"acmbd.[conf/vldb/RusinkiewiczKTWM95]";"acmbd2.[sxo1ryVVzFoJ]";"0.0";"";""
"acmbd.[conf/vldb/RusinkiewiczKTWM95]";"acmbd2.[M_hWK8X773IJ]";"0.030303001403808594";"";""
"acmbd.[conf/vldb/RusinkiewiczKTWM95]";"acmbd2.[ClDKMfHNOZMJ]";"0.0";"";""
"acmbd.[conf/vldb/RusinkiewiczKTWM95]";"acmbd2.[3-KjEW_km2IJ]";"0.0";"";""
"acmbd.[conf/vldb/RusinkiewiczKTWM95]";"acmbd2.[FfyGYjH6iNoJ]";"0.06779658794403076";"";""
"acmbd.[conf/vldb/RusinkiewiczKTWM95]";"acmbd2.[3f8I6gQNP6UJ]";"0.0";"";""
"acmbd.[conf/vldb/RusinkiewiczKTWM95]";"acmbd2.[38Vz_jXCWv0J]";"0.0";"";""
"acmbd.[conf/vldb/RusinkiewiczKTWM95]";"acmbd2.[StISg0TD5ZUJ]";"0.0";"";""
"acmbd.[conf/vldb/RusinkiewiczKTWM95]";"acmbd2.[JweirBN3PSUJ]";"0.0";"";""
"acmbd.[conf/vldb/RusinkiewiczKTWM95]";"acmbd2.[jlzv21qakdoJ]";"0.0";"";""
"acmbd.[conf/vldb/RusinkiewiczKTWM95]";"acmbd2.[NG26eplZPWwJ]";"0.0";"";""
"acmbd.[conf/vldb/RusinkiewiczKTWM95]";"acmbd2.[dJEVZKkG84YJ]";"0.0";"";""
"acmbd.[conf/vldb/RusinkiewiczKTWM95]";"acmbd2.[fPkYFxIpfBUJ]";"0.0";"";""
"acmbd.[conf/vldb/RusinkiewiczKTWM95]";"acmbd2.[PKuKR5AUEsoJ]";"0.0";"";""
"acmbd.[conf/vldb/RusinkiewiczKTWM95]";"acmbd2.[yRtmRji7lCAJ]";"0.0";"";""
"acmbd.[conf/vldb/RusinkiewiczKTWM95]";"acmbd2.[sAYCyUcugbYJ]";"0.029411792755126953";"";""
"acmbd.[conf/vldb/RusinkiewiczKTWM95]";"acmbd2.[ThLxMqqAxjIJ]";"0.045454561710357666";"";""
"acmbd.[conf/vldb/RusinkiewiczKTWM95]";"acmbd2.[X3M140ZMaMgJ]";"0.016949176788330078";"";""
"acmbd.[conf/vldb/RusinkiewiczKTWM95]";"acmbd2.[V--R0Nh61UwJ]";"0.027777791023254395";"";""
"acmbd.[conf/vldb/RusinkiewiczKTWM95]";"acmbd2.[TOfkqZy9PrgJ]";"0.0";"";""
"acmbd.[conf/vldb/RusinkiewiczKTWM95]";"acmbd2.[1TMIW7L9HcgJ]";"0.0";"";""
"acmbd.[conf/vldb/RusinkiewiczKTWM95]";"acmbd2.[c3832PwQ-f4J]";"0.0";"";""
"acmbd.[conf/vldb/RusinkiewiczKTWM95]";"acmbd2.[jCXmp9zo-_wJ]";"0.0";"";""
"acmbd.[conf/vldb/RusinkiewiczKTWM95]";"acmbd2.[ajg3gYq22j8J]";"0.017241358757019043";"";""
"acmbd.[conf/vldb/RusinkiewiczKTWM95]";"acmbd2.[fw5XfUh15osJ]";"0.017857134342193604";"";""
"acmbd.[conf/vldb/RusinkiewiczKTWM95]";"acmbd2.[FGrcH7XeeMsJ]";"0.0";"";""
"acmbd.[conf/vldb/RusinkiewiczKTWM95]";"acmbd2.[CtLgOhQzVrwJ]";"0.01538461446762085";"";""
"acmbd.[conf/vldb/RusinkiewiczKTWM95]";"acmbd2.[zZHw78zpoQ8J]";"0.06060606241226196";"";""
"acmbd.[conf/vldb/RusinkiewiczKTWM95]";"acmbd2.[qP0jZsOBaCgJ]";"0.10526317358016968";"";""
"acmbd.[conf/vldb/RusinkiewiczKTWM95]";"acmbd2.[vZuvXH5l1kUJ]";"0.0";"";""
"acmbd.[conf/vldb/RusinkiewiczKTWM95]";"acmbd2.[yZy4PLAKiKsJ]";"0.019999980926513672";"";""
"acmbd.[conf/vldb/RusinkiewiczKTWM95]";"acmbd2.[Ii149HaUfkcJ]";"0.06666666269302368";"";""
"acmbd.[conf/vldb/RusinkiewiczKTWM95]";"acmbd2.[url:http://portal.acm.org/ft_gateway.cfm%3Fid%3D1099600%26type%3Dpdf]";"0.0";"";""
"acmbd.[conf/vldb/RusinkiewiczKTWM95]";"acmbd2.[JnV4W3TKPxMJ]";"0.014285743236541748";"";""
"acmbd.[conf/vldb/RusinkiewiczKTWM95]";"acmbd2.[Qx58CL7YX1IJ]";"0.0";"";""
"acmbd.[conf/vldb/RusinkiewiczKTWM95]";"acmbd2.[BR97rv-r0S0J]";"0.0";"";""
"acmbd.[conf/vldb/RusinkiewiczKTWM95]";"acmbd2.[cRswTfcY9DIJ]";"0.0";"";""
"acmbd.[conf/vldb/RusinkiewiczKTWM95]";"acmbd2.[hVJ0RXXsyw8J]";"0.0";"";""
"acmbd.[conf/vldb/RusinkiewiczKTWM95]";"acmbd2.[aFR5JQquCFMJ]";"0.024390220642089844";"";""
"acmbd.[conf/vldb/RusinkiewiczKTWM95]";"acmbd2.[url:http://portal.acm.org/citation.cfm%3Fid%3D1084805.1084817]";"0.05555558204650879";"";""
"acmbd.[conf/vldb/RusinkiewiczKTWM95]";"acmbd2.[Wpqud82RSPYJ]";"0.0";"";""
"acmbd.[conf/vldb/RusinkiewiczKTWM95]";"acmbd2.[gT0ietFXq2gJ]";"0.0";"";""
"acmbd.[conf/vldb/RusinkiewiczKTWM95]";"acmbd2.[98wnOTdfXscJ]";"0.0";"";""
"acmbd.[conf/vldb/RusinkiewiczKTWM95]";"acmbd2.[D6FNpQIUqNwJ]";"0.0";"";""
"acmbd.[conf/vldb/RusinkiewiczKTWM95]";"acmbd2.[0Vt-mCdDgywJ]";"0.0";"";""
"acmbd.[conf/vldb/RusinkiewiczKTWM95]";"acmbd2.[da91q3uhag4J]";"0.0";"";""
"acmbd.[conf/vldb/RusinkiewiczKTWM95]";"acmbd2.[M0abL9muZYgJ]";"0.0";"";""
"acmbd.[conf/vldb/RusinkiewiczKTWM95]";"acmbd2.[hBm5FifM1y4J]";"0.0";"";""
"acmbd.[conf/vldb/RusinkiewiczKTWM95]";"acmbd2.[UwcxU0OJbjoJ]";"0.0";"";""
"acmbd.[conf/vldb/RusinkiewiczKTWM95]";"acmbd2.[fdpauJ3GbekJ]";"0.03333336114883423";"";""
"acmbd.[conf/vldb/RusinkiewiczKTWM95]";"acmbd2.[uleJSJ9fn5gJ]";"0.0";"";""
"acmbd.[conf/vldb/RusinkiewiczKTWM95]";"acmbd2.[EZtmAlgBk40J]";"0.0";"";""
"acmbd.[conf/vldb/RusinkiewiczKTWM95]";"acmbd2.[VQDjA8ibNZoJ]";"0.0";"";""
"acmbd.[conf/vldb/RusinkiewiczKTWM95]";"acmbd2.[RpMVEA9Cc80J]";"0.0";"";""
"acmbd.[conf/vldb/RusinkiewiczKTWM95]";"acmbd2.[5BeWf7KPL88J]";"0.050000011920928955";"";""
"acmbd.[conf/vldb/RusinkiewiczKTWM95]";"acmbd2.[upOP6K5m-bkJ]";"0.019607841968536377";"";""
"acmbd.[conf/vldb/RusinkiewiczKTWM95]";"acmbd2.[hJvqq1f9drgJ]";"0.037037014961242676";"";""
"acmbd.[conf/vldb/RusinkiewiczKTWM95]";"acmbd2.[j4c0nOUirDkJ]";"0.0";"";""
"acmbd.[conf/vldb/RusinkiewiczKTWM95]";"acmbd2.[6StFlriC-A8J]";"0.0";"";""
"acmbd.[conf/vldb/RusinkiewiczKTWM95]";"acmbd2.[1146FICAE50J]";"0.0";"";""
"acmbd.[conf/vldb/RusinkiewiczKTWM95]";"acmbd2.[nrEQsOAiE44J]";"0.027027010917663574";"";""
"acmbd.[conf/vldb/RusinkiewiczKTWM95]";"acmbd2.[kbZA_QpSCucJ]";"0.0";"";""
"acmbd.[conf/vldb/RusinkiewiczKTWM95]";"acmbd2.[1btlNbfxIaIJ]";"0.0";"";""
"acmbd.[conf/vldb/RusinkiewiczKTWM95]";"acmbd2.[d5T54NeKom4J]";"0.0";"";""
"acmbd.[conf/vldb/RusinkiewiczKTWM95]";"acmbd2.[OuM0E0BhEXIJ]";"0.800000011920929";"";""
"acmbd.[conf/vldb/RusinkiewiczKTWM95]";"acmbd2.[aAB6fCx2FEgJ]";"0.0";"";""
"acmbd.[conf/vldb/RusinkiewiczKTWM95]";"acmbd2.[k4CGOBrxx_0J]";"0.0";"";""
"acmbd.[conf/vldb/RusinkiewiczKTWM95]";"acmbd2.[vtk5MXDp0d4J]";"0.0";"";""
"acmbd.[conf/vldb/RusinkiewiczKTWM95]";"acmbd2.[UQKLpnCTb0cJ]";"0.0";"";""
"acmbd.[conf/vldb/RusinkiewiczKTWM95]";"acmbd2.[bIuzSI1xe84J]";"0.030303001403808594";"";""
"acmbd.[conf/vldb/RusinkiewiczKTWM95]";"acmbd2.[dOL7ytHorkQJ]";"0.0";"";""
"acmbd.[conf/vldb/RusinkiewiczKTWM95]";"acmbd2.[l7glyH7ltuQJ]";"0.800000011920929";"";""
"acmbd.[conf/vldb/RusinkiewiczKTWM95]";"acmbd2.[VjozrvLkDjIJ]";"0.0";"";""
"acmbd.[conf/vldb/RusinkiewiczKTWM95]";"acmbd2.[HqHnlDeFtIoJ]";"0.0";"";""
"acmbd.[conf/vldb/RusinkiewiczKTWM95]";"acmbd2.[p3-PBz0dpxcJ]";"0.0";"";""
"acmbd.[conf/vldb/RusinkiewiczKTWM95]";"acmbd2.[NX9bCNDWjFkJ]";"0.0";"";""
"acmbd.[conf/vldb/RusinkiewiczKTWM95]";"acmbd2.[quqr_n2cCQEJ]";"0.1666666865348816";"";""
"acmbd.[conf/vldb/RusinkiewiczKTWM95]";"acmbd2.[AOFlFvFQ8woJ]";"0.0";"";""
"acmbd.[conf/vldb/RusinkiewiczKTWM95]";"acmbd2.[vaYNCrmSWCMJ]";"0.0";"";""
"acmbd.[conf/vldb/RusinkiewiczKTWM95]";"acmbd2.[HNZUPXIIGzMJ]";"0.0";"";""
"acmbd.[conf/vldb/RusinkiewiczKTWM95]";"acmbd2.[40Mh__7XofkJ]";"0.0";"";""
"acmbd.[conf/vldb/RusinkiewiczKTWM95]";"acmbd2.[aU8MKDGl5QMJ]";"0.0";"";""
"acmbd.[conf/vldb/RusinkiewiczKTWM95]";"acmbd2.[mcDS-k71qpUJ]";"0.0";"";""
"acmbd.[conf/vldb/RusinkiewiczKTWM95]";"acmbd2.[XbvJHTrcf74J]";"0.0";"";""
"acmbd.[conf/vldb/RusinkiewiczKTWM95]";"acmbd2.[L0RvrQHAbfEJ]";"0.0";"";""
"acmbd.[conf/vldb/RusinkiewiczKTWM95]";"acmbd2.[CCbWfTC4MQMJ]";"0.0";"";""
"acmbd.[conf/vldb/RusinkiewiczKTWM95]";"acmbd2.[url:http://www.springerlink.com/index/Q43210876K7583P2.pdf]";"0.0";"";""
"acmbd.[conf/vldb/RusinkiewiczKTWM95]";"acmbd2.[JclQFC-1s18J]";"0.07142859697341919";"";""
"acmbd.[conf/vldb/RusinkiewiczKTWM95]";"acmbd2.[xFVXGpI7zkIJ]";"0.0";"";""
"acmbd.[conf/vldb/RusinkiewiczKTWM95]";"acmbd2.[I5dytWRZ5M4J]";"0.04000002145767212";"";""
"acmbd.[conf/vldb/RusinkiewiczKTWM95]";"acmbd2.[WsIGoW-1_k4J]";"0.0";"";""
"acmbd.[conf/vldb/RusinkiewiczKTWM95]";"acmbd2.[pWvaKmyYCRMJ]";"0.0";"";""
"acmbd.[conf/vldb/RusinkiewiczKTWM95]";"acmbd2.[5hpvRmaH7kMJ]";"0.03448277711868286";"";""
"acmbd.[conf/vldb/RusinkiewiczKTWM95]";"acmbd2.[onlybp6SAAsJ]";"0.016666650772094727";"";""
"acmbd.[conf/vldb/RusinkiewiczKTWM95]";"acmbd2.[yakFS8B4O4UJ]";"0.0";"";""
"acmbd.[conf/vldb/RusinkiewiczKTWM95]";"acmbd2.[url:http://ieeexplore.ieee.org/iel5/2193/3608/00129232.pdf%3Farnumber%3D129232]";"0.0";"";""
"acmbd.[conf/vldb/RusinkiewiczKTWM95]";"acmbd2.[yD6gkKYpqAEJ]";"0.06666666269302368";"";""
"acmbd.[conf/vldb/RusinkiewiczKTWM95]";"acmbd2.[Xa1Ewp_P9hEJ]";"0.0";"";""
"acmbd.[conf/vldb/RusinkiewiczKTWM95]";"acmbd2.[kgenpnUPn2wJ]";"0.0";"";""
"acmbd.[conf/vldb/RusinkiewiczKTWM95]";"acmbd2.[_BvJZACWQnIJ]";"0.0307692289352417";"";""
"acmbd.[conf/vldb/RusinkiewiczKTWM95]";"acmbd2.[QP644DCdXsgJ]";"0.050000011920928955";"";""
"acmbd.[conf/vldb/RusinkiewiczKTWM95]";"acmbd2.[I34i53QjB9MJ]";"0.016949176788330078";"";""
"acmbd.[conf/vldb/RusinkiewiczKTWM95]";"acmbd2.[VcD2EDNjrS4J]";"0.0";"";""
"acmbd.[conf/vldb/RusinkiewiczKTWM95]";"acmbd2.[qLPhHC8lcJ8J]";"0.0476190447807312";"";""
"acmbd.[conf/vldb/RusinkiewiczKTWM95]";"acmbd2.[-qsHBe_0vI4J]";"0.21052628755569458";"";""
"acmbd.[conf/vldb/RusinkiewiczKTWM95]";"acmbd2.[sEN4I1hf9ToJ]";"0.0";"";""
"acmbd.[conf/vldb/RusinkiewiczKTWM95]";"acmbd2.[sA7TNyWDhPAJ]";"0.037037014961242676";"";""
"acmbd.[conf/vldb/RusinkiewiczKTWM95]";"acmbd2.[kMnXGU8LNgEJ]";"0.0";"";""
"acmbd.[conf/vldb/RusinkiewiczKTWM95]";"acmbd2.[aXpIBUgemksJ]";"0.0";"";""
"acmbd.[conf/vldb/RusinkiewiczKTWM95]";"acmbd2.[x14Tk9HxI44J]";"0.0";"";""
"acmbd.[conf/vldb/RusinkiewiczKTWM95]";"acmbd2.[peb7JzQDMVkJ]";"0.0";"";""
"acmbd.[conf/vldb/RusinkiewiczKTWM95]";"acmbd2.[url:http://portal.acm.org/ft_gateway.cfm%3Fid%3D1101210%26type%3Dpdf]";"0.0";"";""
"acmbd.[conf/vldb/RusinkiewiczKTWM95]";"acmbd2.[2tuXRrSSJg8J]";"0.0";"";""
"acmbd.[conf/vldb/RusinkiewiczKTWM95]";"acmbd2.[EgREwWwnDl8J]";"0.0";"";""
"acmbd.[conf/vldb/RusinkiewiczKTWM95]";"acmbd2.[TCx3OC9-JJIJ]";"0.0";"";""
"acmbd.[conf/vldb/RusinkiewiczKTWM95]";"acmbd2.[4wU7PtxrNiMJ]";"0.0";"";""
"acmbd.[conf/vldb/RusinkiewiczKTWM95]";"acmbd2.[9geq1clRBeUJ]";"0.0";"";""
"acmbd.[conf/vldb/RusinkiewiczKTWM95]";"acmbd2.[Yi03tvebyKUJ]";"0.0";"";""
"acmbd.[conf/vldb/RusinkiewiczKTWM95]";"acmbd2.[0pxb_vNzUDsJ]";"0.0";"";""
"acmbd.[conf/vldb/RusinkiewiczKTWM95]";"acmbd2.[Ro0mbGz4sVEJ]";"0.037037014961242676";"";""
"acmbd.[conf/vldb/RusinkiewiczKTWM95]";"acmbd2.[a-thBLsDrQQJ]";"0.0";"";""
"acmbd.[conf/vldb/RusinkiewiczKTWM95]";"acmbd2.[url:http://www.csa.com/partners/viewrecord.php%3Frequester%3Dgs%26collection%3DTRD%26recid%3D8810G2C0231EC]";"0.0";"";""
"acmbd.[conf/vldb/RusinkiewiczKTWM95]";"acmbd2.[05T0i_mEVBQJ]";"0.04444444179534912";"";""
"acmbd.[conf/vldb/RusinkiewiczKTWM95]";"acmbd2.[hAiGk_XI3B4J]";"0.0";"";""
"acmbd.[conf/vldb/RusinkiewiczKTWM95]";"acmbd2.[ILjHdgB7fLIJ]";"0.0";"";""
"acmbd.[conf/vldb/RusinkiewiczKTWM95]";"acmbd2.[lX3ffUqDgBcJ]";"0.0";"";""
"acmbd.[conf/vldb/RusinkiewiczKTWM95]";"acmbd2.[ON4HGVIBeKEJ]";"0.027777791023254395";"";""
"acmbd.[conf/vldb/RusinkiewiczKTWM95]";"acmbd2.[_NtogXr-E7UJ]";"0.0";"";""
"acmbd.[conf/vldb/RusinkiewiczKTWM95]";"acmbd2.[KR7-mFvqbR8J]";"0.0";"";""
"acmbd.[conf/vldb/RusinkiewiczKTWM95]";"acmbd2.[zduLLb847p8J]";"0.06666666269302368";"";""
"acmbd.[conf/vldb/RusinkiewiczKTWM95]";"acmbd2.[5wYlQQp8yzcJ]";"0.0";"";""
"acmbd.[conf/vldb/RusinkiewiczKTWM95]";"acmbd2.[4dgu1WgYoDUJ]";"0.0";"";""
"acmbd.[conf/vldb/RusinkiewiczKTWM95]";"acmbd2.[WCMOCNj_Tp0J]";"0.0";"";""
"acmbd.[conf/vldb/RusinkiewiczKTWM95]";"acmbd2.[dqIJgNdPShcJ]";"0.0";"";""
"acmbd.[conf/vldb/RusinkiewiczKTWM95]";"acmbd2.[7ZnuUiiR3igJ]";"0.0";"";""
"acmbd.[conf/vldb/RusinkiewiczKTWM95]";"acmbd2.[wubaXvkwzk8J]";"0.0";"";""
"acmbd.[conf/vldb/RusinkiewiczKTWM95]";"acmbd2.[RR-I8bc7kXEJ]";"0.0";"";""
"acmbd.[conf/vldb/RusinkiewiczKTWM95]";"acmbd2.[SyssTWXCsf8J]";"0.10000002384185791";"";""
"acmbd.[conf/vldb/RusinkiewiczKTWM95]";"acmbd2.[EKddTPYwJNkJ]";"0.06666666269302368";"";""
"acmbd.[conf/vldb/RusinkiewiczKTWM95]";"acmbd2.[8lYrmzX8TosJ]";"0.0";"";""
"acmbd.[conf/vldb/RusinkiewiczKTWM95]";"acmbd2.[vNW-Vb97R8gJ]";"0.0";"";""
"acmbd.[conf/vldb/RusinkiewiczKTWM95]";"acmbd2.[5Ep0lkiWzmAJ]";"0.0";"";""
"acmbd.[conf/vldb/RusinkiewiczKTWM95]";"acmbd2.[o3sZZZUXcx0J]";"0.0";"";""
"acmbd.[conf/vldb/RusinkiewiczKTWM95]";"acmbd2.[url:http://portal.acm.org/ft_gateway.cfm%3Fid%3D1099667%26type%3Dpdf]";"0.0";"";""
"acmbd.[conf/vldb/RusinkiewiczKTWM95]";"acmbd2.[url:http://www.ingentaconnect.com/content/els/08830355/2001/00000035/00000002/art00020]";"0.04347825050354004";"";""
"acmbd.[conf/vldb/RusinkiewiczKTWM95]";"acmbd2.[JOeCx3QYNIYJ]";"0.050000011920928955";"";""
"acmbd.[conf/vldb/RusinkiewiczKTWM95]";"acmbd2.[JKy3Lo_oe5gJ]";"0.0";"";""
"acmbd.[conf/vldb/RusinkiewiczKTWM95]";"acmbd2.[3cDCBxaq11YJ]";"0.04347825050354004";"";""
"acmbd.[conf/vldb/RusinkiewiczKTWM95]";"acmbd2.[bYwA-YOecBQJ]";"0.04347825050354004";"";""
"acmbd.[conf/vldb/RusinkiewiczKTWM95]";"acmbd2.[jjhaBNByh5QJ]";"0.0";"";""
"acmbd.[conf/vldb/RusinkiewiczKTWM95]";"acmbd2.[Wfy4M36QFtwJ]";"0.0";"";""
"acmbd.[conf/vldb/RusinkiewiczKTWM95]";"acmbd2.[cixQCxoXzvUJ]";"0.0";"";""
"acmbd.[conf/vldb/RusinkiewiczKTWM95]";"acmbd2.[7wR9m6I7AXIJ]";"0.0";"";""
"acmbd.[conf/vldb/RusinkiewiczKTWM95]";"acmbd2.[rpAwxzbuM_oJ]";"0.11764705181121826";"";""
"acmbd.[conf/vldb/RusinkiewiczKTWM95]";"acmbd2.[vYF8ANUBCCMJ]";"0.0";"";""
"acmbd.[conf/vldb/RusinkiewiczKTWM95]";"acmbd2.[rhuqpAE4LUoJ]";"0.0";"";""
"acmbd.[conf/vldb/RusinkiewiczKTWM95]";"acmbd2.[e5-CTg05DkUJ]";"0.06666666269302368";"";""
"acmbd.[conf/vldb/RusinkiewiczKTWM95]";"acmbd2.[5fCkUaG8A-gJ]";"0.025641024112701416";"";""
"acmbd.[conf/vldb/RusinkiewiczKTWM95]";"acmbd2.[url:http://portal.acm.org/ft_gateway.cfm%3Fid%3D1017755%26type%3Dpdf]";"0.0";"";""
"acmbd.[conf/vldb/RusinkiewiczKTWM95]";"acmbd2.[p7UEIXilQwwJ]";"0.0";"";""
"acmbd.[conf/vldb/RusinkiewiczKTWM95]";"acmbd2.[3eP-8UwgBZIJ]";"0.0";"";""
"acmbd.[conf/vldb/RusinkiewiczKTWM95]";"acmbd2.[uLtmZSoOf4gJ]";"0.014285743236541748";"";""
"acmbd.[conf/vldb/RusinkiewiczKTWM95]";"acmbd2.[url:http://portal.acm.org/citation.cfm%3Fid%3D354384.354543%26dl%3DGUIDE%26dl%3DACM%26type%3Dseries%26idx%3DSERIES316%26part%3DProceedings%26WantType%3DProceedings%26title%3DInternational%2520Multimedia%2520Conference%26CFID%3D11111111%26CFTOKEN%3D2222222]";"0.0";"";""
"acmbd.[conf/vldb/RusinkiewiczKTWM95]";"acmbd2.[cXCXCB-8Z0gJ]";"0.0";"";""
"acmbd.[conf/vldb/RusinkiewiczKTWM95]";"acmbd2.[sJ-WnDZ6PxoJ]";"0.0";"";""
"acmbd.[conf/vldb/RusinkiewiczKTWM95]";"acmbd2.[VdQ3tmDyIKEJ]";"0.0";"";""
"acmbd.[conf/vldb/RusinkiewiczKTWM95]";"acmbd2.[b1gS8kz09xcJ]";"0.10000002384185791";"";""
"acmbd.[conf/vldb/RusinkiewiczKTWM95]";"acmbd2.[AWCS6GDRjhsJ]";"0.0";"";""
"acmbd.[conf/vldb/RusinkiewiczKTWM95]";"acmbd2.[flaguScUIo8J]";"0.027027010917663574";"";""
"acmbd.[conf/vldb/RusinkiewiczKTWM95]";"acmbd2.[8l5_eKZcCh8J]";"0.07142859697341919";"";""
"acmbd.[conf/vldb/RusinkiewiczKTWM95]";"acmbd2.[RzxYgka_RC4J]";"0.0";"";""
"acmbd.[conf/vldb/RusinkiewiczKTWM95]";"acmbd2.[url:http://www.csa.com/partners/viewrecord.php%3Frequester%3Dgs%26collection%3DTRD%26recid%3DA8622969AH]";"0.0";"";""
"acmbd.[conf/vldb/RusinkiewiczKTWM95]";"acmbd2.[CQ8VyQNAH3UJ]";"0.027027010917663574";"";""
"acmbd.[conf/vldb/RusinkiewiczKTWM95]";"acmbd2.[xLV2cdIuYQ8J]";"0.014285743236541748";"";""
"acmbd.[conf/vldb/RusinkiewiczKTWM95]";"acmbd2.[sbptAqgBfJcJ]";"0.015625";"";""
"acmbd.[conf/vldb/RusinkiewiczKTWM95]";"acmbd2.[terxLUujmBoJ]";"0.0";"";""
"acmbd.[conf/vldb/RusinkiewiczKTWM95]";"acmbd2.[tmAhmR2FBvcJ]";"0.04444444179534912";"";""
"acmbd.[conf/vldb/RusinkiewiczKTWM95]";"acmbd2.[acMqoDGeGp0J]";"0.0";"";""
"acmbd.[conf/vldb/RusinkiewiczKTWM95]";"acmbd2.[381caLJ3B34J]";"0.05555558204650879";"";""
"acmbd.[conf/vldb/RusinkiewiczKTWM95]";"acmbd2.[url:http://portal.acm.org/ft_gateway.cfm%3Fid%3D1099672%26type%3Dpdf]";"0.0";"";""
"acmbd.[conf/vldb/RusinkiewiczKTWM95]";"acmbd2.[url:http://portal.acm.org/ft_gateway.cfm%3Fid%3D1027594%26type%3Dpdf]";"0.0";"";""
"acmbd.[conf/vldb/RusinkiewiczKTWM95]";"acmbd2.[JlS5P7ZUhp0J]";"0.05263155698776245";"";""
"acmbd.[conf/vldb/RusinkiewiczKTWM95]";"acmbd2.[1a-k91qpCGgJ]";"0.0";"";""
"acmbd.[conf/vldb/RusinkiewiczKTWM95]";"acmbd2.[kNnIekshkd0J]";"0.05882352590560913";"";""
"acmbd.[conf/vldb/RusinkiewiczKTWM95]";"acmbd2.[qvFtP35o6gAJ]";"0.0";"";""
"acmbd.[conf/vldb/RusinkiewiczKTWM95]";"acmbd2.[ybZIVXfsgd8J]";"0.0";"";""
"acmbd.[conf/vldb/RusinkiewiczKTWM95]";"acmbd2.[snFTnJwYDwEJ]";"0.0";"";""
"acmbd.[conf/vldb/RusinkiewiczKTWM95]";"acmbd2.[io7hIzOO6kAJ]";"0.027027010917663574";"";""
"acmbd.[conf/vldb/RusinkiewiczKTWM95]";"acmbd2.[CT4k09Akk8UJ]";"0.016666650772094727";"";""
"acmbd.[conf/vldb/RusinkiewiczKTWM95]";"acmbd2.[8QL1zOGtTPQJ]";"0.0";"";""
"acmbd.[conf/vldb/RusinkiewiczKTWM95]";"acmbd2.[CehzPbrqQGwJ]";"0.0";"";""
"acmbd.[conf/vldb/RusinkiewiczKTWM95]";"acmbd2.[HbyP8kT8KRoJ]";"0.01754385232925415";"";""
"acmbd.[conf/vldb/RusinkiewiczKTWM95]";"acmbd2.[zaHFUt4bKmkJ]";"0.0";"";""
"acmbd.[conf/vldb/RusinkiewiczKTWM95]";"acmbd2.[1U-FXQiz6lEJ]";"0.015151500701904297";"";""
"acmbd.[conf/vldb/RusinkiewiczKTWM95]";"acmbd2.[nPjQ74tquRYJ]";"0.0";"";""
"acmbd.[conf/vldb/RusinkiewiczKTWM95]";"acmbd2.[Nn0LzB8rUPEJ]";"0.0";"";""
"acmbd.[conf/vldb/RusinkiewiczKTWM95]";"acmbd2.[SoYddsSyKfoJ]";"0.0";"";""
"acmbd.[conf/vldb/RusinkiewiczKTWM95]";"acmbd2.[vq2RyMYkvXIJ]";"0.0";"";""
"acmbd.[conf/vldb/RusinkiewiczKTWM95]";"acmbd2.[twBCessT_7sJ]";"0.0";"";""
"acmbd.[conf/vldb/RusinkiewiczKTWM95]";"acmbd2.[e_X6PuUGDyAJ]";"0.05714285373687744";"";""
"acmbd.[conf/vldb/RusinkiewiczKTWM95]";"acmbd2.[url:http://www.csa.com/partners/viewrecord.php%3Frequester%3Dgs%26collection%3DTRD%26recid%3D20021212029380MT%26recid%3DA7340050AH]";"0.017241358757019043";"";""
"acmbd.[conf/vldb/RusinkiewiczKTWM95]";"acmbd2.[6VAQeD6muakJ]";"0.05555558204650879";"";""
"acmbd.[conf/vldb/RusinkiewiczKTWM95]";"acmbd2.[uy8MOTvPkOsJ]";"0.014925360679626465";"";""
"acmbd.[conf/vldb/RusinkiewiczKTWM95]";"acmbd2.[CEOGWcjykS8J]";"0.04000002145767212";"";""
"acmbd.[conf/vldb/RusinkiewiczKTWM95]";"acmbd2.[5o3UBa2VIzwJ]";"0.0";"";""
"acmbd.[conf/vldb/RusinkiewiczKTWM95]";"acmbd2.[url:http://portal.acm.org/citation.cfm%3Fid%3D354384.354541%26dl%3DGUIDE%26dl%3DACM%26type%3Dseries%26idx%3DSERIES316%26part%3DProceedings%26WantType%3DProceedings%26title%3DInternational%2520Multimedia%2520Conference%26CFID%3D11111111%26CFTOKEN%3D2222222]";"0.0";"";""
"acmbd.[conf/vldb/RusinkiewiczKTWM95]";"acmbd2.[kVyCxLcnO1cJ]";"0.0";"";""
"acmbd.[conf/vldb/RusinkiewiczKTWM95]";"acmbd2.[mAUD5IjmXtkJ]";"0.0";"";""
"acmbd.[conf/vldb/RusinkiewiczKTWM95]";"acmbd2.[A7WoAzxOJ9YJ]";"0.0";"";""
"acmbd.[conf/vldb/RusinkiewiczKTWM95]";"acmbd2.[CSxE3rG0j9IJ]";"0.02857142686843872";"";""
"acmbd.[conf/vldb/RusinkiewiczKTWM95]";"acmbd2.[_KhRTON1GyMJ]";"0.0";"";""
"acmbd.[conf/vldb/RusinkiewiczKTWM95]";"acmbd2.[uXF537HIZ0QJ]";"0.0";"";""
"acmbd.[conf/vldb/RusinkiewiczKTWM95]";"acmbd2.[9wZiB7weazcJ]";"0.0";"";""
"acmbd.[conf/vldb/RusinkiewiczKTWM95]";"acmbd2.[YbMB2pvYUtgJ]";"0.0";"";""
"acmbd.[conf/vldb/RusinkiewiczKTWM95]";"acmbd2.[cadXUTZHtTQJ]";"0.027027010917663574";"";""
"acmbd.[conf/vldb/RusinkiewiczKTWM95]";"acmbd2.[yheuousc5G0J]";"0.0";"";""
"acmbd.[conf/vldb/RusinkiewiczKTWM95]";"acmbd2.[0VjT7172hiIJ]";"0.027027010917663574";"";""
"acmbd.[conf/vldb/RusinkiewiczKTWM95]";"acmbd2.[XOU3T0LQFdcJ]";"0.0";"";""
"acmbd.[conf/vldb/RusinkiewiczKTWM95]";"acmbd2.[url:http://doi.wiley.com/10.1002/tl.155]";"0.024390220642089844";"";""
"acmbd.[conf/vldb/RusinkiewiczKTWM95]";"acmbd2.[veT1ro-6xoUJ]";"0.0";"";""
"acmbd.[conf/vldb/RusinkiewiczKTWM95]";"acmbd2.[Td7GubFt3cQJ]";"0.016666650772094727";"";""
"acmbd.[conf/vldb/RusinkiewiczKTWM95]";"acmbd2.[Yk4p2NDktz0J]";"0.01449275016784668";"";""
"acmbd.[conf/vldb/RusinkiewiczKTWM95]";"acmbd2.[kJHPQ3lcGb0J]";"0.0";"";""
"acmbd.[conf/vldb/RusinkiewiczKTWM95]";"acmbd2.[VqTL9bzyQscJ]";"0.0";"";""
"acmbd.[conf/vldb/RusinkiewiczKTWM95]";"acmbd2.[FNZSP9LMtt4J]";"0.06666666269302368";"";""
"acmbd.[conf/vldb/RusinkiewiczKTWM95]";"acmbd2.[kBEEnNi53YUJ]";"0.0";"";""
"acmbd.[conf/vldb/RusinkiewiczKTWM95]";"acmbd2.[XRq-OLdjzccJ]";"0.0";"";""
"acmbd.[conf/vldb/RusinkiewiczKTWM95]";"acmbd2.[NgoCn-0pJqUJ]";"0.024390220642089844";"";""
"acmbd.[conf/vldb/RusinkiewiczKTWM95]";"acmbd2.[aPu0IggUnDAJ]";"0.0";"";""
"acmbd.[conf/vldb/RusinkiewiczKTWM95]";"acmbd2.[LHB5vacxZxUJ]";"0.0";"";""
"acmbd.[conf/vldb/RusinkiewiczKTWM95]";"acmbd2.[vXBhDUFQuWYJ]";"0.019999980926513672";"";""
"acmbd.[conf/vldb/RusinkiewiczKTWM95]";"acmbd2.[EacFpK6X16kJ]";"0.0";"";""
"acmbd.[conf/vldb/RusinkiewiczKTWM95]";"acmbd2.[29xzHOD5g8cJ]";"0.0";"";""
"acmbd.[conf/vldb/RusinkiewiczKTWM95]";"acmbd2.[-W8b9O8vvxUJ]";"0.0";"";""
"acmbd.[conf/vldb/RusinkiewiczKTWM95]";"acmbd2.[fF0AKFW7Q0wJ]";"0.0";"";""
"acmbd.[conf/vldb/RusinkiewiczKTWM95]";"acmbd2.[sT381f-y5nsJ]";"0.0";"";""
"acmbd.[conf/vldb/RusinkiewiczKTWM95]";"acmbd2.[jOpSoGOrQnoJ]";"0.024390220642089844";"";""
"acmbd.[conf/vldb/RusinkiewiczKTWM95]";"acmbd2.[DsXFhD9ejKAJ]";"0.0";"";""
"acmbd.[conf/vldb/RusinkiewiczKTWM95]";"acmbd2.[o94RuzBd9twJ]";"0.015625";"";""
"acmbd.[conf/vldb/RusinkiewiczKTWM95]";"acmbd2.[6YNkvhnxOuAJ]";"0.0";"";""
"acmbd.[conf/vldb/RusinkiewiczKTWM95]";"acmbd2.[MAFbMtHcgrAJ]";"0.016666650772094727";"";""
"acmbd.[conf/vldb/RusinkiewiczKTWM95]";"acmbd2.[j4eMrUByISIJ]";"0.05263155698776245";"";""
"acmbd.[conf/vldb/RusinkiewiczKTWM95]";"acmbd2.[wVXxtf9ByQMJ]";"0.0";"";""
"acmbd.[conf/vldb/RusinkiewiczKTWM95]";"acmbd2.[BKoAXoJuppQJ]";"0.0";"";""
"acmbd.[conf/vldb/RusinkiewiczKTWM95]";"acmbd2.[FQfrKKspbAIJ]";"0.0";"";""
"acmbd.[conf/vldb/RusinkiewiczKTWM95]";"acmbd2.[1nxoCdwHMRsJ]";"0.0";"";""
"acmbd.[conf/vldb/RusinkiewiczKTWM95]";"acmbd2.[url:http://www.csa.com/partners/viewrecord.php%3Frequester%3Dgs%26collection%3DTRD%26recid%3D8606720238MD]";"0.0";"";""
"acmbd.[conf/vldb/RusinkiewiczKTWM95]";"acmbd2.[lWvs05_LcmUJ]";"0.03125";"";""
"acmbd.[conf/vldb/RusinkiewiczKTWM95]";"acmbd2.[8g5MKy4ZkfwJ]";"0.014285743236541748";"";""
"acmbd.[conf/vldb/RusinkiewiczKTWM95]";"acmbd2.[Ep4gXpTRFUcJ]";"0.0";"";""
"acmbd.[conf/vldb/RusinkiewiczKTWM95]";"acmbd2.[_5iSfQxn0GUJ]";"0.0";"";""
"acmbd.[conf/vldb/RusinkiewiczKTWM95]";"acmbd2.[sqZB6iIQVzwJ]";"0.0";"";""
"acmbd.[conf/vldb/RusinkiewiczKTWM95]";"acmbd2.[Oy6h0WFBZ3kJ]";"0.0";"";""
"acmbd.[conf/vldb/RusinkiewiczKTWM95]";"acmbd2.[_SWzuVA-BfgJ]";"0.0";"";""
"acmbd.[conf/vldb/RusinkiewiczKTWM95]";"acmbd2.[Rbp3B6Jt6M4J]";"0.0";"";""
"acmbd.[conf/vldb/RusinkiewiczKTWM95]";"acmbd2.[8pgeaJRtmw4J]";"0.0";"";""
"acmbd.[conf/vldb/RusinkiewiczKTWM95]";"acmbd2.[url:http://www.ingentaconnect.com/content/els/09505849/1999/00000041/00000013/art00045]";"0.0";"";""
"acmbd.[conf/vldb/RusinkiewiczKTWM95]";"acmbd2.[3Uk8hebrIzUJ]";"0.027777791023254395";"";""
"acmbd.[conf/vldb/RusinkiewiczKTWM95]";"acmbd2.[mUnigwfHKSwJ]";"0.0";"";""
"acmbd.[conf/vldb/RusinkiewiczKTWM95]";"acmbd2.[3CvYY0iN8dcJ]";"0.0";"";""
"acmbd.[conf/vldb/RusinkiewiczKTWM95]";"acmbd2.[MqQNwFiRyc0J]";"0.0";"";""
"acmbd.[conf/vldb/RusinkiewiczKTWM95]";"acmbd2.[mqiP6o4Ar4sJ]";"0.0";"";""
"acmbd.[conf/vldb/RusinkiewiczKTWM95]";"acmbd2.[url:http://doi.wiley.com/10.1002/bit.260140201]";"0.25";"";""
"acmbd.[conf/vldb/RusinkiewiczKTWM95]";"acmbd2.[8YF1CbLHmUEJ]";"0.0";"";""
"acmbd.[conf/vldb/RusinkiewiczKTWM95]";"acmbd2.[FIEB8Mx6gkEJ]";"0.0";"";""
"acmbd.[conf/vldb/RusinkiewiczKTWM95]";"acmbd2.[qS4jhfgPbm8J]";"0.05555558204650879";"";""
"acmbd.[conf/vldb/RusinkiewiczKTWM95]";"acmbd2.[Nxad-c-f09gJ]";"0.04444444179534912";"";""
"acmbd.[conf/vldb/RusinkiewiczKTWM95]";"acmbd2.[NY7jFX7cM3sJ]";"0.0";"";""
"acmbd.[conf/vldb/RusinkiewiczKTWM95]";"acmbd2.[Af3VWGy3cSMJ]";"0.027777791023254395";"";""
"acmbd.[conf/vldb/RusinkiewiczKTWM95]";"acmbd2.[xaZK15ALVoIJ]";"0.0";"";""
"acmbd.[conf/vldb/RusinkiewiczKTWM95]";"acmbd2.[Qe0AUMK0JesJ]";"0.024390220642089844";"";""
"acmbd.[conf/vldb/RusinkiewiczKTWM95]";"acmbd2.[U1Fs1izI1gwJ]";"0.0";"";""
"acmbd.[conf/vldb/RusinkiewiczKTWM95]";"acmbd2.[qfuh1wl8cuIJ]";"0.0";"";""
"acmbd.[conf/vldb/RusinkiewiczKTWM95]";"acmbd2.[rmqk7ftu_lYJ]";"0.0";"";""
"acmbd.[conf/vldb/RusinkiewiczKTWM95]";"acmbd2.[PCh6Xo6vzVMJ]";"0.0";"";""
"acmbd.[conf/vldb/RusinkiewiczKTWM95]";"acmbd2.[lIxiPxfcA6IJ]";"0.0";"";""
"acmbd.[conf/vldb/RusinkiewiczKTWM95]";"acmbd2.[GD1xF8QeCugJ]";"0.0";"";""
"acmbd.[conf/vldb/RusinkiewiczKTWM95]";"acmbd2.[_bdp5T8SSuoJ]";"0.05063289403915405";"";""
"acmbd.[conf/vldb/RusinkiewiczKTWM95]";"acmbd2.[qilzD_RtvP4J]";"0.0";"";""
"acmbd.[conf/vldb/RusinkiewiczKTWM95]";"acmbd2.[HNPd3p47SY0J]";"0.0";"";""
"acmbd.[conf/vldb/RusinkiewiczKTWM95]";"acmbd2.[h6VLERB3VTUJ]";"0.045454561710357666";"";""
"acmbd.[conf/vldb/RusinkiewiczKTWM95]";"acmbd2.[dclqKFFObGIJ]";"0.0";"";""
"acmbd.[conf/vldb/RusinkiewiczKTWM95]";"acmbd2.[xuoJNqOArTsJ]";"0.027027010917663574";"";""
"acmbd.[conf/vldb/RusinkiewiczKTWM95]";"acmbd2.[yzAP-H-OuMMJ]";"0.0";"";""
"acmbd.[conf/vldb/RusinkiewiczKTWM95]";"acmbd2.[EhefKg-BWzAJ]";"0.0";"";""
"acmbd.[conf/vldb/RusinkiewiczKTWM95]";"acmbd2.[N_e95C7SIuYJ]";"0.0";"";""
"acmbd.[conf/vldb/RusinkiewiczKTWM95]";"acmbd2.[Vo8xG3ckRj8J]";"0.0";"";""
"acmbd.[conf/vldb/RusinkiewiczKTWM95]";"acmbd2.[ohrUCtSjo4EJ]";"0.0";"";""
"acmbd.[conf/vldb/RusinkiewiczKTWM95]";"acmbd2.[GCVMmOSZn0AJ]";"0.07142859697341919";"";""
"acmbd.[conf/vldb/RusinkiewiczKTWM95]";"acmbd2.[BNnrEe6MZD4J]";"0.0";"";""
"acmbd.[conf/vldb/RusinkiewiczKTWM95]";"acmbd2.[18FFG2HC51oJ]";"0.0";"";""
"acmbd.[conf/vldb/RusinkiewiczKTWM95]";"acmbd2.[T-tp8YGFOgYJ]";"0.04444444179534912";"";""
"acmbd.[conf/vldb/RusinkiewiczKTWM95]";"acmbd2.[3VQahPx_jMoJ]";"0.05714285373687744";"";""
"acmbd.[conf/vldb/RusinkiewiczKTWM95]";"acmbd2.[Ly790RRZLQgJ]";"0.0";"";""
"acmbd.[conf/vldb/RusinkiewiczKTWM95]";"acmbd2.[9X3-wBFUw_EJ]";"0.0";"";""
"acmbd.[conf/vldb/RusinkiewiczKTWM95]";"acmbd2.[SgwwPLUg7ZIJ]";"0.02380955219268799";"";""
"acmbd.[conf/vldb/RusinkiewiczKTWM95]";"acmbd2.[Vkvkeo5gqq4J]";"0.0";"";""
"acmbd.[conf/vldb/RusinkiewiczKTWM95]";"acmbd2.[56e8hEtm6NcJ]";"0.0158730149269104";"";""
"acmbd.[conf/vldb/RusinkiewiczKTWM95]";"acmbd2.[co8xbFgwv9EJ]";"0.0";"";""
"acmbd.[conf/vldb/RusinkiewiczKTWM95]";"acmbd2.[H4wTSaroRRIJ]";"0.0";"";""
"acmbd.[conf/vldb/RusinkiewiczKTWM95]";"acmbd2.[eMPD6OVmMREJ]";"0.0";"";""
"acmbd.[conf/vldb/RusinkiewiczKTWM95]";"acmbd2.[Cw5kQP0ekNwJ]";"0.0";"";""
"acmbd.[conf/vldb/RusinkiewiczKTWM95]";"acmbd2.[XeK-exduCywJ]";"0.0";"";""
"acmbd.[conf/vldb/RusinkiewiczKTWM95]";"acmbd2.[33sc_DbtMtYJ]";"0.01754385232925415";"";""
"acmbd.[conf/vldb/RusinkiewiczKTWM95]";"acmbd2.[U1bHeyK5XhcJ]";"0.0";"";""
"acmbd.[conf/vldb/RusinkiewiczKTWM95]";"acmbd2.[0t1fQcsyv-kJ]";"0.0";"";""
"acmbd.[conf/vldb/RusinkiewiczKTWM95]";"acmbd2.[vujv9jQLzqsJ]";"0.037037014961242676";"";""
"acmbd.[conf/vldb/RusinkiewiczKTWM95]";"acmbd2.[ZE-qKY1WtEsJ]";"0.0";"";""
"acmbd.[conf/vldb/RusinkiewiczKTWM95]";"acmbd2.[7apDNJCU3zEJ]";"0.0";"";""
"acmbd.[conf/vldb/RusinkiewiczKTWM95]";"acmbd2.[cYi9a5rr5p8J]";"0.0";"";""
"acmbd.[conf/vldb/RusinkiewiczKTWM95]";"acmbd2.[CaOblmTt-4UJ]";"0.0";"";""
"acmbd.[conf/vldb/RusinkiewiczKTWM95]";"acmbd2.[9p_jhDoerZUJ]";"0.0";"";""
"acmbd.[conf/vldb/RusinkiewiczKTWM95]";"acmbd2.[vFi5aqi5qyYJ]";"0.019230782985687256";"";""
"acmbd.[conf/vldb/RusinkiewiczKTWM95]";"acmbd2.[gcreiWuRyyIJ]";"0.07142859697341919";"";""
"acmbd.[conf/vldb/RusinkiewiczKTWM95]";"acmbd2.[url:http://doi.wiley.com/10.1002/ace.130]";"0.04000002145767212";"";""
"acmbd.[conf/vldb/RusinkiewiczKTWM95]";"acmbd2.[5Qg68XUbNdUJ]";"0.0";"";""
"acmbd.[conf/vldb/RusinkiewiczKTWM95]";"acmbd2.[eezTsAEe-WEJ]";"0.0";"";""
"acmbd.[conf/vldb/RusinkiewiczKTWM95]";"acmbd2.[EYTMYnikAh0J]";"0.0";"";""
"acmbd.[conf/vldb/RusinkiewiczKTWM95]";"acmbd2.[-m1NUbmXOQAJ]";"0.0";"";""
"acmbd.[conf/vldb/RusinkiewiczKTWM95]";"acmbd2.[xfilpHdWUiUJ]";"0.0";"";""
"acmbd.[conf/vldb/RusinkiewiczKTWM95]";"acmbd2.[etPiwpNt9jkJ]";"0.0";"";""
"acmbd.[conf/vldb/RusinkiewiczKTWM95]";"acmbd2.[url:http://www.blackwell-synergy.com/links/doi/10.1111/j.0033-0124.1960.125_25.x/abs/]";"0.0";"";""
"acmbd.[conf/vldb/RusinkiewiczKTWM95]";"acmbd2.[QEdjOfWRZUIJ]";"0.0";"";""
"acmbd.[conf/vldb/RusinkiewiczKTWM95]";"acmbd2.[6HcDunM0lJYJ]";"0.0";"";""
"acmbd.[conf/vldb/RusinkiewiczKTWM95]";"acmbd2.[OlTTBKx2HnoJ]";"0.0";"";""
"acmbd.[conf/vldb/RusinkiewiczKTWM95]";"acmbd2.[nAFY1TjSVnoJ]";"0.0";"";""
"acmbd.[conf/vldb/RusinkiewiczKTWM95]";"acmbd2.[91aclF_THQwJ]";"0.0";"";""
"acmbd.[conf/vldb/RusinkiewiczKTWM95]";"acmbd2.[b7e8t-GtlYMJ]";"0.022727251052856445";"";""
"acmbd.[conf/vldb/RusinkiewiczKTWM95]";"acmbd2.[uUvn4z2RRysJ]";"0.0";"";""
"acmbd.[conf/vldb/RusinkiewiczKTWM95]";"acmbd2.[naE3CW3OqcQJ]";"0.0";"";""
"acmbd.[conf/vldb/RusinkiewiczKTWM95]";"acmbd2.[6dUWeRNSehUJ]";"0.0";"";""
"acmbd.[conf/vldb/RusinkiewiczKTWM95]";"acmbd2.[FzQJ4sjA7cYJ]";"0.019999980926513672";"";""
"acmbd.[conf/vldb/RusinkiewiczKTWM95]";"acmbd2.[kImwyek4LwAJ]";"0.0";"";""
"acmbd.[conf/vldb/RusinkiewiczKTWM95]";"acmbd2.[wq4XV72UovkJ]";"0.0";"";""
"acmbd.[conf/vldb/RusinkiewiczKTWM95]";"acmbd2.[-4LGqwNiCHUJ]";"0.02380955219268799";"";""
"acmbd.[conf/vldb/RusinkiewiczKTWM95]";"acmbd2.[wcAf1m3HRAYJ]";"0.0";"";""
"acmbd.[conf/vldb/RusinkiewiczKTWM95]";"acmbd2.[vIVnb1ywtxIJ]";"0.13333332538604736";"";""
"acmbd.[conf/vldb/RusinkiewiczKTWM95]";"acmbd2.[MMQJJCQZ4cwJ]";"0.0";"";""
"acmbd.[conf/vldb/RusinkiewiczKTWM95]";"acmbd2.[GEjyU8sjNbUJ]";"0.0";"";""
"acmbd.[conf/vldb/RusinkiewiczKTWM95]";"acmbd2.[U0jWdce8m34J]";"0.0";"";""
"acmbd.[conf/vldb/RusinkiewiczKTWM95]";"acmbd2.[2VDywjpBKAcJ]";"0.0";"";""
"acmbd.[conf/vldb/RusinkiewiczKTWM95]";"acmbd2.[4Cca6h2mOLoJ]";"0.0";"";""
"acmbd.[conf/vldb/RusinkiewiczKTWM95]";"acmbd2.[6_hn2yDY7a4J]";"0.0";"";""
"acmbd.[conf/vldb/RusinkiewiczKTWM95]";"acmbd2.[udJWHiL6auAJ]";"0.0";"";""
"acmbd.[conf/vldb/RusinkiewiczKTWM95]";"acmbd2.[Wvs-c5_X1-4J]";"0.0";"";""
"acmbd.[conf/vldb/RusinkiewiczKTWM95]";"acmbd2.[AES4p4AylKYJ]";"0.0";"";""
"acmbd.[conf/vldb/RusinkiewiczKTWM95]";"acmbd2.[M9sKV4kPg9AJ]";"0.014925360679626465";"";""
"acmbd.[conf/vldb/RusinkiewiczKTWM95]";"acmbd2.[mcvg0-VoKkYJ]";"0.027027010917663574";"";""
"acmbd.[conf/vldb/RusinkiewiczKTWM95]";"acmbd2.[_CsTI6SYZ_0J]";"0.0";"";""
"acmbd.[conf/vldb/RusinkiewiczKTWM95]";"acmbd2.[suRM3zI6_sUJ]";"0.07692307233810425";"";""
"acmbd.[conf/vldb/RusinkiewiczKTWM95]";"acmbd2.[EAnU3sDkXAwJ]";"0.0";"";""
"acmbd.[conf/vldb/RusinkiewiczKTWM95]";"acmbd2.[1J2ubL0l2UMJ]";"0.0";"";""
"acmbd.[conf/vldb/RusinkiewiczKTWM95]";"acmbd2.[81tq2S0IGYcJ]";"0.0";"";""
"acmbd.[conf/vldb/RusinkiewiczKTWM95]";"acmbd2.[mzFzhewxu1UJ]";"0.0";"";""
"acmbd.[conf/vldb/RusinkiewiczKTWM95]";"acmbd2.[tq4bpWYOcEEJ]";"0.0";"";""
"acmbd.[conf/vldb/RusinkiewiczKTWM95]";"acmbd2.[SDS7uWO7Mj4J]";"0.03125";"";""
"acmbd.[conf/vldb/RusinkiewiczKTWM95]";"acmbd2.[XtNiZa9m2QwJ]";"0.037037014961242676";"";""